Project,Type,Category,Installed_MW,Connection_Date,County,Connection_Type,Zone,Latitude,Longitude
Golagh,Wind,Onshore,15.0,01-07-1997,Donegal,TSO,North,54.6544,-8.1041
Kingsmountain,Wind,Onshore,25.0,01-05-2003,Sligo,TSO,West,54.2766,-8.4761
Meentycat,Wind,Onshore,72.4,01-10-2004,Donegal,TSO,North,54.6544,-8.1041
Ballywater,Wind,Onshore,31.5,01-05-2005,Wexford,TSO,East,52.3369,-6.4629
Booltiagh,Wind,Onshore,19.5,01-08-2005,Clare,TSO,West,52.8436,-9.0038
Derrybrien ,Wind,Onshore,59.5,01-10-2005,Galway,TSO,West,53.2707,-9.0568
Coomagearlahy,Wind,Onshore,45.0,01-03-2006,Kerry,TSO,South,52.1545,-9.5669
Midas,Wind,Onshore,32.45,01-07-2007,Kerry,TSO,South,52.1545,-9.5669
Ballywater,Wind,Onshore,10.5,01-08-2007,Wexford,TSO,East,52.3369,-6.4629
Mountain Lodge,Wind,Onshore,25.5,01-04-2008,Cavan,TSO,North,54.0,-7.0
Pallas,Wind,Onshore,40.0,01-06-2008,Kerry,TSO,South,52.1545,-9.5669
Coomacheo,Wind,Onshore,41.4,01-06-2008,Cork,TSO,South,51.8979,-8.4706
Coomagearlahy,Wind,Onshore,8.5,01-03-2009,Kerry,TSO,South,52.1545,-9.5669
Mountain Lodge,Wind,Onshore,6.0,01-03-2009,Cavan,TSO,North,54.0,-7.0
Coomagearlahy,Wind,Onshore,32.5,01-06-2009,Kerry,TSO,South,52.1545,-9.5669
Coomacheo,Wind,Onshore,18.4,01-07-2009,Cork,TSO,South,51.8979,-8.4706
Lisheen,Wind,Onshore,36.0,01-07-2009,Tipperary,TSO,South,52.4732,-8.1615
Meentycat,Wind,Onshore,16.1,01-10-2009,Donegal,TSO,North,54.6544,-8.1041
Bindoo,Wind,Onshore,48.0,01-10-2009,Cavan,TSO,North,54.0,-7.0
Boggeragh,Wind,Onshore,57.0,01-12-2009,Cork,TSO,South,51.8979,-8.4706
Dromada,Wind,Onshore,28.5,01-12-2009,Limerick,TSO,South,52.6638,-8.6267
Garvagh,Wind,Onshore,26.0,01-06-2010,Leitrim,TSO,West,54.1836,-8.0548
Garvagh,Wind,Onshore,22.0,01-06-2010,Roscommon,TSO,West,53.627,-8.19
Kingsmountain,Wind,Onshore,11.05,01-06-2010,Sligo,TSO,West,54.2766,-8.4761
Castledockrell,Wind,Onshore,20.7,01-01-2011,Wexford,TSO,East,52.3369,-6.4629
Castledockrell,Wind,Onshore,2.3,01-01-2011,Wexford,TSO,East,52.3369,-6.4629
Castledockrell,Wind,Onshore,2.3,01-01-2011,Wexford,TSO,East,52.3369,-6.4629
Castledockrell,Wind,Onshore,16.1,01-01-2011,Wexford,TSO,East,52.3369,-6.4629
Lisheen ,Wind,Onshore,24.0,01-05-2013,Tipperary,TSO,South,52.4732,-8.1615
Booltiagh,Wind,Onshore,12.0,01-09-2013,Clare,TSO,West,52.8436,-9.0038
Athea,Wind,Onshore,34.35,01-02-2014,Limerick,TSO,South,52.6638,-8.6267
Knockacummer,Wind,Onshore,100.0,01-07-2015,Cork,TSO,South,51.8979,-8.4706
Mountlucas,Wind,Onshore,84.0,01-11-2014,Offaly,TSO,East,53.2734,-7.509
Kill Hill,Wind,Onshore,36.0,01-12-2014,Tipperary,TSO,South,52.4732,-8.1615
Woodhouse,Wind,Onshore,20.0,01-06-2015,Waterford,TSO,South,52.2593,-7.1101
Cloghboola,Wind,Onshore,48.0,01-10-2015,Kerry,TSO,South,52.1545,-9.5669
Boggeragh,Wind,Onshore,65.7,01-06-2016,Cork,TSO,South,51.8979,-8.4706
Mulreavy,Wind,Onshore,5.0,01-10-2016,Donegal,TSO,North,54.6544,-8.1041
Sliabh Bawn,Wind,Onshore,64.0,01-12-2016,Roscommon,TSO,West,53.627,-8.19
Mulreavy,Wind,Onshore,90.0,01-02-2017,Donegal,TSO,North,54.6544,-8.1041
Uggool,Wind,Onshore,64.0,01-02-2017,Galway,TSO,West,53.2707,-9.0568
Moneypoint,Wind,Onshore,17.25,01-06-2017,Clare,TSO,West,52.8436,-9.0038
Seecon,Wind,Onshore,108.0,01-08-2017,Galway,TSO,West,53.2707,-9.0568
Cordal,Wind,Onshore,35.2,01-03-2018,Kerry,TSO,South,52.1545,-9.5669
Cordal,Wind,Onshore,54.4,01-03-2018,Kerry,TSO,South,52.1545,-9.5669
Clahane,Wind,Onshore,13.8,01-08-2018,Kerry,TSO,South,52.1545,-9.5669
Kelwin,Wind,Onshore,37.05,01-09-2018,Kerry,TSO,South,52.1545,-9.5669
Knockalassa,Wind,Onshore,27.5,01-10-2018,Clare,TSO,West,52.8436,-9.0038
Boolinrudda,Wind,Onshore,45.0,01-10-2018,Clare,TSO,West,52.8436,-9.0038
Knockalough,Wind,Onshore,35.2,01-01-2019,Galway,TSO,West,53.2707,-9.0568
Oweninny,Wind,Onshore,92.8,01-10-2019,Mayo,TSO,West,53.9846,-9.2822
Grousemount,Wind,Onshore,114.2,01-04-2020,Kerry,TSO,South,52.1545,-9.5669
Beenanaspuck & Tobertoreen ,Wind,Onshore,23.1,01-04-2020,Kerry,TSO,South,52.1545,-9.5669
Carrigdangan,Wind,Onshore,54.3,01-01-2021,Cork,TSO,South,51.8979,-8.4706
Cloncreen,Wind,Onshore,75.6,01-11-2022,Offaly,TSO,East,53.2734,-7.509
Lisheen,Wind ,Onshore,28.8,01-02-2023,Tipperary,TSO,South,52.4732,-8.1615
Cloghan,Wind ,Onshore,34.0,01-01-2023,Offaly,TSO,East,53.2734,-7.509
Oweninny,Wind ,Onshore,83.0,01-04-2023,Mayo,TSO,West,53.9846,-9.2822
Lenalea,Wind,Onshore,30.1,01-09-2023,Donegal,TSO,North,54.6544,-8.1041
Ardderroo,Wind,Onshore,91.2,01-08-2023,Galway,TSO,West,53.2707,-9.0568
Drumlins,Wind,Onshore,48.8,01-06-2024,Monaghan,TSO,North,54.2498,-6.9683
Moanvane,Wind,Onshore,57.0,01-08-2024,Offaly,TSO,East,53.2734,-7.509
Derrinlough,Wind,Onshore,105.0,01-01-2025,Offaly,TSO,East,53.2734,-7.509
Yellow River,Wind,Onshore,86.4,01-02-2025,Offaly,TSO,East,53.2734,-7.509
Spion Kop Wind Farm,Wind,Onshore,1.2,01-12-1997,Roscommon,DSO,West,53.627,-8.19
Cappawhite A Wind Farm (Gate 3),Wind,Onshore,49.08,23-06-2017,Tipperary,DSO,South,52.4732,-8.1615
Cleanrath Wind Farm,Wind,Onshore,42.64,21-11-2019,Cork,DSO,South,51.8979,-8.4706
Knocknagoum (1),Wind,Onshore,42.55,09-09-2013,Kerry,DSO,South,52.1545,-9.5669
Leitir Guingaid Wind Farm,Wind,Onshore,40.9,07-02-2014,Galway,DSO,West,53.2707,-9.0568
Magheramore and Cloontooa Wind Farm,Wind,Onshore,40.8,12-12-2018,Tipperary,DSO,South,52.4732,-8.1615
Bruckana,Wind,Onshore,39.6,16-07-2014,Tipperary,DSO,South,52.4732,-8.1615
Boolynagleragh (1),Wind,Onshore,36.98,03-09-2019,Clare,DSO,West,52.8436,-9.0038
Garracummer Wind Farm,Wind,Onshore,36.9,05-03-2013,Tipperary,DSO,South,52.4732,-8.1615
Scartaglen Wind Farm,Wind,Onshore,35.45,12-12-2017,Kerry,DSO,South,52.1545,-9.5669
Raheenleagh (1),Wind,Onshore,35.2,04-08-2016,Wicklow,DSO,East,52.98,-6.04
Carrowleagh Wind Farm (1),Wind,Onshore,34.15,06-06-2012,Donegal,DSO,North,54.6544,-8.1041
Castlepook (1),Wind,Onshore,33.1,28-11-2017,Cork,DSO,South,51.8979,-8.4706
Glencarbry Wind Farm,Wind,Onshore,33.0,27-10-2016,Tipperary,DSO,South,52.4732,-8.1615
Glenough Wind Farm,Wind,Onshore,33.0,22-08-2011,Tipperary,DSO,South,52.4732,-8.1615
Monaincha Bog Wind Farm (Gate 3),Wind,Onshore,32.55,31-01-2014,Tipperary,DSO,South,52.4732,-8.1615
Barranafaddock Wind Farm,Wind,Onshore,32.4,01-05-2015,Cork,DSO,South,51.8979,-8.4706
Sorne Hill Wind Farm,Wind,Onshore,31.5,01-07-2006,Donegal,DSO,North,54.6544,-8.1041
Bunnyconnellan Wind Farm,Wind,Onshore,28.0,04-12-2019,Donegal,DSO,North,54.6544,-8.1041
Taurbeg Wind Farm,Wind,Onshore,26.0,01-01-2006,Cork,DSO,South,51.8979,-8.4706
Arklow Bank Wind Farm (1),Wind,Onshore,25.2,01-11-2003,Wicklow,DSO,East,52.98,-6.04
Sorrell Island (Prev Glenmore),Wind,Onshore,24.0,03-09-2019,Clare,DSO,West,52.8436,-9.0038
Bawnmore (Burren/Carraignimma),Wind,Onshore,24.0,14-10-2011,Cork,DSO,South,51.8979,-8.4706
Taghart Wind Farm (formerly Cregg WF),Wind,Onshore,23.06,22-07-2022,Meath,DSO,East,53.6056,-6.6564
Knockawarriga Wind Farm,Wind,Onshore,22.5,01-07-2008,Roscommon,DSO,West,53.627,-8.19
Gortahile Wind Farm,Wind,Onshore,21.0,21-06-2010,Carlow,DSO,East,52.8365,-6.9341
Richfield Wind Farm,Wind,Onshore,20.25,01-08-2006,Wexford,DSO,East,52.3369,-6.4629
Glanaruddery 1 (formerly Dromadda More Wind Farm),Wind,Onshore,20.0,13-02-2018,Cork,DSO,South,51.8979,-8.4706
Carraigcannon Wind Farm,Wind,Onshore,20.0,25-03-2011,Cork,DSO,South,51.8979,-8.4706
Ballybane (Glanta Commons) Wind Farm,Wind,Onshore,19.55,01-07-2008,Cork,DSO,South,51.8979,-8.4706
Killala Wind Farm (Phase 1),Wind,Onshore,19.2,30-05-2019,Mayo,DSO,West,53.9846,-9.2822
Raheen Barr Wind Farm,Wind,Onshore,18.7,01-11-2003,Mayo,DSO,West,53.9846,-9.2822
Coollegrean Wind Farm,Wind,Onshore,18.5,30-01-2018,Kerry,DSO,South,52.1545,-9.5669
Knocknatallig Wind Farm (formerly Buttevant Wind Farm),Wind,Onshore,18.3,28-11-2017,Cork,DSO,South,51.8979,-8.4706
Ballycumber Wind Farm,Wind,Onshore,18.0,20-03-2019,Wicklow,DSO,East,52.98,-6.04
Leanamore Wind Farm (Tarbert Wind Farm),Wind,Onshore,18.0,18-12-2017,Kerry,DSO,South,52.1545,-9.5669
Cronalaght Wind Farm 2,Wind,Onshore,17.96,28-08-2019,Mayo,DSO,West,53.9846,-9.2822
Acres Wind Farm,Wind,Onshore,17.5,23-05-2015,Donegal,DSO,North,54.6544,-8.1041
Tournafulla (2) Wind Farm,Wind,Onshore,17.2,01-04-2008,Roscommon,DSO,West,53.627,-8.19
Killaveenoge Windfarm (Derryvacorneen merge with Barrboy Windfarm),Wind,Onshore,17.0,16-12-2016,Cork,DSO,South,51.8979,-8.4706
Dromdeeveen Wind Farm (2),Wind,Onshore,16.5,24-08-2011,Cork,DSO,South,51.8979,-8.4706
Grove Hill Windfarm (formerly Tullynageer WF),Wind,Onshore,16.1,03-09-2016,Louth,DSO,East,53.9,-6.4167
Muingnaminnane Wind Farm,Wind,Onshore,15.3,09-02-2010,Kerry,DSO,South,52.1545,-9.5669
Tursillagh Wind Farm,Wind,Onshore,15.0,01-11-2000,Kerry,DSO,South,52.1545,-9.5669
Grouse Lodge Wind Farm,Wind,Onshore,15.0,08-04-2011,Limerick,DSO,South,52.6638,-8.6267
Cark,Wind,Onshore,15.0,01-12-1997,Donegal,DSO,North,54.6544,-8.1041
Ballincollig Hill Wind Farm (Lee Strand),Wind,Onshore,15.0,04-03-2010,Kerry,DSO,South,52.1545,-9.5669
Gibbet Hill Wind Farm,Wind,Onshore,14.8,01-03-2013,Wexford,DSO,East,52.3369,-6.4629
Ballycadden Wind Farm (1),Wind,Onshore,14.45,12-10-2012,Wexford,DSO,East,52.3369,-6.4629
Ballybay Wind Farm (Tullaroan),Wind,Onshore,13.8,21-07-2017,Tipperary,DSO,South,52.4732,-8.1615
Mauricetown (Glenduff)  Wind Farm,Wind,Onshore,13.8,16-04-2020,Cork,DSO,South,51.8979,-8.4706
Tullabrack Wind Farm,Wind,Onshore,13.8,19-05-2017,Clare,DSO,West,52.8436,-9.0038
Lissycasey Wind Farm,Wind,Onshore,13.399,31-10-2019,Clare,DSO,West,52.8436,-9.0038
Cappawhite B Wind Farm (Cappagh White),Wind,Onshore,13.18,19-06-2018,Tipperary,DSO,South,52.4732,-8.1615
Moanmore Wind Farm,Wind,Onshore,12.6,01-12-2004,Clare,DSO,West,52.8436,-9.0038
Cloghaneleskirt Wind Farm,Wind,Onshore,12.55,27-04-2018,Cork,DSO,South,51.8979,-8.4706
Black Lough Wind farm,Wind,Onshore,12.5,06-03-2020,Donegal,DSO,North,54.6544,-8.1041
Rathcahill West Windfarm,Wind,Onshore,12.5,02-05-2011,Limerick,DSO,South,52.6638,-8.6267
Glanaruddery 2 (formerly Dromadda More 2),Wind,Onshore,12.0,13-02-2018,Cork,DSO,South,51.8979,-8.4706
Esk Wind Farm Phase 2,Wind,Onshore,12.0,16-10-2020,Cork,DSO,South,51.8979,-8.4706
Tullynamoyle Wind Farm 3 (Formerly Geevagh 2),Wind,Onshore,11.98,18-09-2017,Monaghan,DSO,North,54.2498,-6.9683
Carnsore Wind Farm,Wind,Onshore,11.9,01-08-2002,Wexford,DSO,East,52.3369,-6.4629
Meenachullalan Wind Farm,Wind,Onshore,11.9,01-11-2008,Donegal,DSO,North,54.6544,-8.1041
Culliagh Wind Farm (Meenbog),Wind,Onshore,11.88,01-10-2000,Donegal,DSO,North,54.6544,-8.1041
An Cnoc,Wind,Onshore,11.5,19-09-2017,Tipperary,DSO,South,52.4732,-8.1615
Ballybane 2A (Glanta Commons) Wind Farm,Wind,Onshore,11.5,30-01-2015,Cork,DSO,South,51.8979,-8.4706
Raragh 2 Wind Farm,Wind,Onshore,11.5,28-11-2019,Meath,DSO,East,53.6056,-6.6564
Clogheravaddy Wind Farm (Phase 2),Wind,Onshore,10.8,08-02-2022,Donegal,DSO,North,54.6544,-8.1041
Dromdeeveen Wind Farm (1),Wind,Onshore,10.5,24-08-2011,Cork,DSO,South,51.8979,-8.4706
Gartnaneane (1) Wind Farm,Wind,Onshore,10.5,01-11-2004,Meath,DSO,East,53.6056,-6.6564
Caherdowney Wind Farm,Wind,Onshore,10.0,16-04-2012,Donegal,DSO,North,54.6544,-8.1041
Glantaunyalkeen Windfarm,Wind,Onshore,9.999,30-08-2018,Cork,DSO,South,51.8979,-8.4706
Meenwaun Wind Farm,Wind,Onshore,9.99,21-12-2017,Cork,DSO,South,51.8979,-8.4706
Corkermore Wind Farm Phase 1,Wind,Onshore,9.99,06-07-2011,Donegal,DSO,North,54.6544,-8.1041
Ballycadden Wind Farm (2),Wind,Onshore,9.762,12-10-2012,Wexford,DSO,East,52.3369,-6.4629
Foyle Wind Farm (prev Holmes Hill),Wind,Onshore,9.6,25-07-2017,Tipperary,DSO,South,52.4732,-8.1615
Gneeves Wind Farm,Wind,Onshore,9.35,29-06-2005,Kerry,DSO,South,52.1545,-9.5669
Flughland,Wind,Onshore,9.2,30-06-2009,Donegal,DSO,North,54.6544,-8.1041
Lisdowney Wind Farm,Wind,Onshore,9.2,14-10-2016,Kilkenny,DSO,East,52.6541,-7.2448
Clogheravaddy Wind Farm (Phase 1),Wind,Onshore,9.2,03-12-2019,Donegal,DSO,North,54.6544,-8.1041
Teevurcher Wind Farm,Wind,Onshore,9.0,18-12-2017,Meath,DSO,East,53.6056,-6.6564
Hollyford(Holyford) Wind Farm,Wind,Onshore,9.0,10-12-2013,Tipperary,DSO,South,52.4732,-8.1615
Tullynamoyle,Wind,Onshore,9.0,01-07-2011,Monaghan,DSO,North,54.2498,-6.9683
Knockaneden Wind Farm,Wind,Onshore,9.0,14-09-2012,Leitrim,DSO,West,54.1836,-8.0548
Garranereagh Wind Farm,Wind,Onshore,8.75,30-04-2013,Cork,DSO,South,51.8979,-8.4706
Kealkil Wind Farm,Wind,Onshore,8.5,01-05-2005,Cork,DSO,South,51.8979,-8.4706
Derrynadivva Wind Farm (prev. sd),Wind,Onshore,8.5,20-09-2009,Mayo,DSO,West,53.9846,-9.2822
Ballybane 2 (Glanta Commons) Wind Farm,Wind,Onshore,8.4,01-11-2009,Cork,DSO,South,51.8979,-8.4706
Ballymartin (2) - Smithstown,Wind,Onshore,8.28,29-03-2013,Waterford,DSO,South,52.2593,-7.1101
Sorrell Island (Glenmore) WF Ext,Wind,Onshore,8.0,28-10-2020,Clare,DSO,West,52.8436,-9.0038
Killaveenoge Windfarm - (Derryvacorneen merge with Barrboy),Wind,Onshore,7.8,16-12-2016,Cork,DSO,South,51.8979,-8.4706
Carrickeeny Wind Farm,Wind,Onshore,7.65,24-03-2014,Sligo,DSO,West,54.2766,-8.4761
Altagowlan Wind Farm,Wind,Onshore,7.65,01-09-2005,Monaghan,DSO,North,54.2498,-6.9683
Loughderryduff Wind Farm,Wind,Onshore,7.65,01-10-2008,Donegal,DSO,North,54.6544,-8.1041
Sonnagh Old Phase 1,Wind,Onshore,7.65,01-05-2004,Galway,DSO,West,53.2707,-9.0568
Mullananalt Wind Farm,Wind,Onshore,7.5,01-11-2008,Meath,DSO,East,53.6056,-6.6564
Knockastanna Wind Farm,Wind,Onshore,7.5,01-03-2009,Clare,DSO,West,52.8436,-9.0038
Tournafulla Wind Farm (1),Wind,Onshore,7.5,01-01-2007,Roscommon,DSO,West,53.627,-8.19
Sorne Hill (2),Wind,Onshore,7.4,20-02-2009,Donegal,DSO,North,54.6544,-8.1041
Derrynadivva Extension,Wind,Onshore,6.8,18-12-2019,Mayo,DSO,West,53.9846,-9.2822
Black Banks (2),Wind,Onshore,6.8,01-09-2005,Monaghan,DSO,North,54.2498,-6.9683
Tursillagh (2) Wind Farm,Wind,Onshore,6.8,01-09-2004,Kerry,DSO,South,52.1545,-9.5669
Richfield Wind Farm (2),Wind,Onshore,6.75,01-08-2006,Wexford,DSO,East,52.3369,-6.4629
Knockawarriga Extension (Knockacummer & Caherlevoy) Wind Farm,Wind,Onshore,6.6,12-02-2020,Roscommon,DSO,West,53.627,-8.19
Bellacorrick Wind Farm,Wind,Onshore,6.45,01-10-1992,Mayo,DSO,West,53.9846,-9.2822
Faughary Wind Farm,Wind,Onshore,6.0,16-12-2014,Sligo,DSO,West,54.2766,-8.4761
Cahermurphy Wind Farm,Wind,Onshore,6.0,23-01-2020,Clare,DSO,West,52.8436,-9.0038
Ballymartin (1) (Smithstown),Wind,Onshore,6.0,08-06-2011,Waterford,DSO,South,52.2593,-7.1101
Killin Hill Wind Farm,Wind,Onshore,6.0,23-06-2017,Donegal,DSO,North,54.6544,-8.1041
Lackan Wind Farm,Wind,Onshore,6.0,30-06-2008,Mayo,DSO,West,53.9846,-9.2822
Esk Wind Farm Phase 1,Wind,Onshore,5.95,16-10-2020,Cork,DSO,South,51.8979,-8.4706
Coomatallin Wind Farm,Wind,Onshore,5.95,01-01-2005,Cork,DSO,South,51.8979,-8.4706
Milane Hill Wind Farm,Wind,Onshore,5.94,01-09-2000,Cork,DSO,South,51.8979,-8.4706
Largan Hill,Wind,Onshore,5.94,01-11-2000,Mayo,DSO,West,53.9846,-9.2822
Esk Wind Farm Phase 1,Wind,Onshore,5.4,16-10-2020,Cork,DSO,South,51.8979,-8.4706
Mount Eagle Wind Farm,Wind,Onshore,5.1,01-03-2005,Kerry,DSO,South,52.1545,-9.5669
Knocknalour Wind Farm (1),Wind,Onshore,5.0,20-06-2013,Wexford,DSO,East,52.3369,-6.4629
Kilronan,Wind,Onshore,5.0,01-12-1997,Roscommon,DSO,West,53.627,-8.19
Lurganboy Wind Farm,Wind,Onshore,4.99,01-06-2008,Donegal,DSO,North,54.6544,-8.1041
Carrons (A&B) Wind Farm,Wind,Onshore,4.99,26-11-2010,Limerick,DSO,South,52.6638,-8.6267
Greenoge Wind Farm,Wind,Onshore,4.99,27-06-2005,Galway,DSO,West,53.2707,-9.0568
Clydaghroe Wind Farm,Wind,Onshore,4.99,24-04-2012,Donegal,DSO,North,54.6544,-8.1041
Ballycurreen Wind Farm,Wind,Onshore,4.99,26-03-2014,Waterford,DSO,South,52.2593,-7.1101
Cronelea Wind Farm,Wind,Onshore,4.99,21-05-2007,Carlow,DSO,East,52.8365,-6.9341
Mount Cronalaght,Wind,Onshore,4.98,01-07-1997,Mayo,DSO,West,53.9846,-9.2822
Geevagh Wind Farm,Wind,Onshore,4.95,01-01-2006,Monaghan,DSO,North,54.2498,-6.9683
Corrie Mt.,Wind,Onshore,4.8,01-03-1997,Roscommon,DSO,West,53.627,-8.19
Kilberehert Wind Farm,Wind,Onshore,4.799,14-04-2017,Cork,DSO,South,51.8979,-8.4706
Kilmeedy Wind Farm,Wind,Onshore,4.7,22-12-2016,Cork,DSO,South,51.8979,-8.4706
Kiltumper Wind Farm,Wind,Onshore,4.69,18-12-2019,Clare,DSO,West,52.8436,-9.0038
Lenanavea (Burren) Wind Farm,Wind,Onshore,4.65,07-02-2011,Mayo,DSO,West,53.9846,-9.2822
Currabwee Wind Farm,Wind,Onshore,4.62,01-11-1999,Cork,DSO,South,51.8979,-8.4706
Ballincurry Wind Farm Ltd (Glengoole),Wind,Onshore,4.6,31-05-2019,Tipperary,DSO,South,52.4732,-8.1615
Seltanaveeny Wind Farm,Wind,Onshore,4.6,25-03-2011,Roscommon,DSO,West,53.627,-8.19
Skrine Wind Farm,Wind,Onshore,4.6,20-03-2011,Longford,DSO,East,53.7275,-7.7939
Carrownaweelaun Wind Farm,Wind,Onshore,4.6,03-07-2015,Clare,DSO,West,52.8436,-9.0038
Ballagh Wind Farm,Wind,Onshore,4.6,31-01-2018,Roscommon,DSO,West,53.627,-8.19
Reenascreena Wind Farm,Wind,Onshore,4.5,24-06-2009,Cork,DSO,South,51.8979,-8.4706
Curraghderrig,Wind,Onshore,4.5,14-12-2017,Roscommon,DSO,West,53.627,-8.19
Cronelea Wind Farm (2),Wind,Onshore,4.5,11-12-2009,Carlow,DSO,East,52.8365,-6.9341
Kilvinane Wind Farm,Wind,Onshore,4.5,01-08-2006,Cork,DSO,South,51.8979,-8.4706
Gartnaneane II Wind Farm,Wind,Onshore,4.5,01-11-2004,Meath,DSO,East,53.6056,-6.6564
WEDcross Wind Farm,Wind,Onshore,4.5,01-11-2009,Kerry,DSO,South,52.1545,-9.5669
Rathnacally Wind Farm,Wind,Onshore,4.45,09-07-2018,Cork,DSO,South,51.8979,-8.4706
Boolard Wind Farm,Wind,Onshore,4.45,05-12-2019,Cork,DSO,South,51.8979,-8.4706
Ballybane 3 (Glanta Commons) Wind Farm,Wind,Onshore,4.45,29-01-2017,Cork,DSO,South,51.8979,-8.4706
Gortnacloghy Wind Farm,Wind,Onshore,4.4,31-01-2018,Roscommon,DSO,West,53.627,-8.19
Lahanaght Hill Wind Farm,Wind,Onshore,4.25,01-01-2006,Cork,DSO,South,51.8979,-8.4706
Rahora Wind Farm,Wind,Onshore,4.25,01-05-2009,Waterford,DSO,South,52.2593,-7.1101
Three Trees,Wind,Onshore,4.25,18-12-2019,Donegal,DSO,North,54.6544,-8.1041
Skehanagh Wind Farm,Wind,Onshore,4.25,01-04-2006,Cork,DSO,South,51.8979,-8.4706
Cloonlusk Wind Farm,Wind,Onshore,4.25,26-01-2018,Mayo,DSO,West,53.9846,-9.2822
Leabeg Wind Farm,Wind,Onshore,4.25,17-09-2015,Cork,DSO,South,51.8979,-8.4706
Meenkeeragh Wind Farm,Wind,Onshore,4.2,29-04-2009,Donegal,DSO,North,54.6544,-8.1041
Ballyduff Wind Farm,Wind,Onshore,4.0,13-01-2017,Wexford,DSO,East,52.3369,-6.4629
Ballynancoran Wind Farm,Wind,Onshore,4.0,24-07-2013,Wexford,DSO,East,52.3369,-6.4629
Moneenatieve Wind Farm (1),Wind,Onshore,3.96,23-09-2005,Monaghan,DSO,North,54.2498,-6.9683
Beenageeha Wind Farm,Wind,Onshore,3.96,01-10-2000,Kerry,DSO,South,52.1545,-9.5669
Knocknalour Wind Farm G3,Wind,Onshore,3.95,20-06-2013,Wexford,DSO,East,52.3369,-6.4629
Templederry Wind Farm,Wind,Onshore,3.9,26-10-2012,Tipperary,DSO,South,52.4732,-8.1615
Scartaglen 2 Wind Farm,Wind,Onshore,3.8,12-12-2017,Kerry,DSO,South,52.1545,-9.5669
Roosky Wind Farm,Wind,Onshore,3.6,25-09-2015,Mayo,DSO,West,53.9846,-9.2822
Clogheravaddy Wind Farm (Phase 3),Wind,Onshore,3.6,27-07-2023,Donegal,DSO,North,54.6544,-8.1041
Ballaman (Kennystown) Wind Farm,Wind,Onshore,3.6,28-09-2012,Wexford,DSO,East,52.3369,-6.4629
Carrane Hill Wind Farm,Wind,Onshore,3.4,01-11-2006,Monaghan,DSO,North,54.2498,-6.9683
Black Banks (1),Wind,Onshore,3.4,01-09-2001,Monaghan,DSO,North,54.2498,-6.9683
Meenanilta (3),Wind,Onshore,3.4,19-12-2011,Donegal,DSO,North,54.6544,-8.1041
Meenadreen Wind Farm,Wind,Onshore,3.4,01-04-2003,Donegal,DSO,North,54.6544,-8.1041
Monaincha Bog Wind Farm (Gate 2),Wind,Onshore,3.4,31-01-2014,Tipperary,DSO,South,52.4732,-8.1615
Cuillalea Wind Farm,Wind,Onshore,3.4,01-04-2004,Mayo,DSO,West,53.9846,-9.2822
CORNEEN Wind Farm,Wind,Onshore,3.0,01-08-2001,Cavan,DSO,North,54.0,-7.0
Slievereagh Wind Farm (1),Wind,Onshore,3.0,25-09-2009,Tipperary,DSO,South,52.4732,-8.1615
Mountain Lodge Wind Farm,Wind,Onshore,3.0,01-04-2008,Dublin,DSO,East,53.3498,-6.2603
Rossaveel Wind Farm,Wind,Onshore,3.0,28-06-2019,Galway,DSO,West,53.2707,-9.0568
Cappawhite A Wind Farm (Gate 2),Wind,Onshore,2.92,11-08-2017,Tipperary,DSO,South,52.4732,-8.1615
Carrowleagh Wind Farm Ext. (2),Wind,Onshore,2.65,24-05-2019,Donegal,DSO,North,54.6544,-8.1041
Knock South Wind Farm (Inverin),Wind,Onshore,2.64,01-01-1999,Galway,DSO,West,53.2707,-9.0568
Tullynamalra Wind Farm,Wind,Onshore,2.638,15-04-2019,Meath,DSO,East,53.6056,-6.6564
Killybegs Wind Farm,Wind,Onshore,2.55,19-12-2007,Donegal,DSO,North,54.6544,-8.1041
Meenanilta Wind Farm (1),Wind,Onshore,2.55,01-09-2003,Donegal,DSO,North,54.6544,-8.1041
Carrig Wind Farm,Wind,Onshore,2.55,01-04-2006,Cork,DSO,South,51.8979,-8.4706
Curraghgraigue Wind Farm,Wind,Onshore,2.55,01-01-2004,Tipperary,DSO,South,52.4732,-8.1615
Cronelea Upper Wind Farm,Wind,Onshore,2.55,01-07-2005,Carlow,DSO,East,52.8365,-6.9341
Ballinlough Wind Farm,Wind,Onshore,2.55,01-01-2006,Tipperary,DSO,South,52.4732,-8.1615
Mace Upper Wind Farm,Wind,Onshore,2.55,20-02-2010,Tipperary,DSO,South,52.4732,-8.1615
Bunnahowen Wind Farm (Temp),Wind,Onshore,2.55,18-12-2019,Mayo,DSO,West,53.9846,-9.2822
Beale Hill (2),Wind,Onshore,2.55,01-08-2003,Roscommon,DSO,West,53.627,-8.19
Ballinveny Wind Farm,Wind,Onshore,2.55,01-01-2006,Tipperary,DSO,South,52.4732,-8.1615
Shannagh (Kilcar),Wind,Onshore,2.55,30-03-2010,Donegal,DSO,North,54.6544,-8.1041
DePuy 3MW Wind Turbine,Wind,Onshore,2.5,21-07-2014,Cork,DSO,South,51.8979,-8.4706
Kilbranish Wind Farm,Wind,Onshore,2.5,11-10-2018,Galway,DSO,West,53.2707,-9.0568
Grady Joinery Wind Farm,Wind,Onshore,2.5,05-08-2017,Mayo,DSO,West,53.9846,-9.2822
Meenanilta Wind Farm (2),Wind,Onshore,2.45,01-07-2004,Donegal,DSO,North,54.6544,-8.1041
CURRAGHGRAIGUE (2) Wind Farm,Wind,Onshore,2.44,24-08-2011,Tipperary,DSO,South,52.4732,-8.1615
Enros - Sorne Hill Single Turbine,Wind,Onshore,2.3,18-12-2019,Donegal,DSO,North,54.6544,-8.1041
Collon Wind Power Limited (Gate 3),Wind,Onshore,2.3,11-04-2016,Wexford,DSO,East,52.3369,-6.4629
Gurteen Lower Wind Farm,Wind,Onshore,2.3,22-08-2017,Tipperary,DSO,South,52.4732,-8.1615
Corvin Wind Turbine,Wind,Onshore,2.1,20-12-2018,Donegal,DSO,North,54.6544,-8.1041
Wind Energy Project (Janssen),Wind,Onshore,2.0,21-07-2014,Cork,DSO,South,51.8979,-8.4706
Anarget Wind Farm (1),Wind,Onshore,1.98,01-09-2000,Donegal,DSO,North,54.6544,-8.1041
Dunmore 2,Wind,Onshore,1.8,01-05-2009,Wexford,DSO,East,52.3369,-6.4629
Knocknagoum (2),Wind,Onshore,1.8,13-09-2013,Kerry,DSO,South,52.1545,-9.5669
Dunmore Wind Farm,Wind,Onshore,1.7,01-07-2006,Wexford,DSO,East,52.3369,-6.4629
Cronelea Upper Wind Farm (2),Wind,Onshore,1.7,11-12-2009,Carlow,DSO,East,52.8365,-6.9341
Beallough Wind Farm,Wind,Onshore,1.7,01-11-2008,Waterford,DSO,South,52.2593,-7.1101
Mount Eagle Wind Farm (2),Wind,Onshore,1.7,01-11-2008,Kerry,DSO,South,52.1545,-9.5669
Crocane Wind Farm,Wind,Onshore,1.7,27-01-2011,Cork,DSO,South,51.8979,-8.4706
Beale Hill (1),Wind,Onshore,1.65,01-11-2000,Roscommon,DSO,West,53.627,-8.19
Slievereagh Wind Farm (2),Wind,Onshore,1.6,01-12-2014,Tipperary,DSO,South,52.4732,-8.1615
Liffey Autoproduction Project,Wind,Onshore,1.6,15-12-2017,Dublin,DSO,East,53.3498,-6.2603
Tullynamoyle Wind Farm 3 (Carrane Hill Merged Capacity),Wind,Onshore,1.598,18-09-2017,Monaghan,DSO,North,54.2498,-6.9683
Cuillalea Wind Farm (2),Wind,Onshore,1.59,31-08-2010,Mayo,DSO,West,53.9846,-9.2822
Ballybane 2A (Glanta Commons) Wind Farm Extension,Wind,Onshore,1.55,29-01-2017,Cork,DSO,South,51.8979,-8.4706
Liffey Autoproduction Project (extension),Wind,Onshore,1.417,15-12-2017,Dublin,DSO,East,53.3498,-6.2603
Glackmore Hill (2),Wind,Onshore,1.4,28-04-2009,Donegal,DSO,North,54.6544,-8.1041
Beale Hill (3) Wind Farm,Wind,Onshore,1.3,14-11-2016,Roscommon,DSO,West,53.627,-8.19
Garracummer (2),Wind,Onshore,1.0,11-02-2015,Tipperary,DSO,South,52.4732,-8.1615
Pluckanes Wind Farm,Wind,Onshore,0.85,27-09-2013,Waterford,DSO,South,52.2593,-7.1101
Collon Wind Power Limited (Gate 2),Wind,Onshore,0.7,11-04-2016,Wexford,DSO,East,52.3369,-6.4629
Knock South Wind Farm (2),Wind,Onshore,0.69,01-01-1999,Galway,DSO,West,53.2707,-9.0568
Burtonport Harbour Single Turbine,Wind,Onshore,0.66,01-07-2003,Mayo,DSO,West,53.9846,-9.2822
Mounvaun (Mienvee) Wind Farm,Wind,Onshore,0.66,01-01-2004,Clare,DSO,West,52.8436,-9.0038
Ballyduff Wind Farm,Wind,Onshore,0.6,13-01-2017,Wexford,DSO,East,52.3369,-6.4629
Glackmore Hill (1),Wind,Onshore,0.6,28-04-2009,Donegal,DSO,North,54.6544,-8.1041
Muine Bheag Wind,Wind,Onshore,0.5,22-04-2022,Carlow,DSO,East,52.8365,-6.9341
Country Crest,Wind,Onshore,0.5,07-03-2011,Dublin,DSO,East,53.3498,-6.2603
Dundalk IT Wind Turbine,Wind,Onshore,0.5,01-01-2006,Louth,DSO,East,53.9,-6.4167
Anarget Wind Farm (3),Wind,Onshore,0.5,04-11-2011,Donegal,DSO,North,54.6544,-8.1041
Mossedge Wind Farm,Wind,Onshore,0.5,17-01-2019,Donegal,DSO,North,54.6544,-8.1041
Michael Aylward,Wind,Onshore,0.5,26-09-2016,Waterford,DSO,South,52.2593,-7.1101
Ballynultagh Wind Farm,Wind,Onshore,0.499,20-03-2020,Carlow,DSO,East,52.8365,-6.9341
Ballon Wind,Wind,Onshore,0.499,07-09-2017,Carlow,DSO,East,52.8365,-6.9341
Gortnahalla,Wind,Onshore,0.499,07-06-2019,Tipperary,DSO,South,52.4732,-8.1615
Moyvane Wind,Wind,Onshore,0.499,10-12-2019,Roscommon,DSO,West,53.627,-8.19
Tesco Donabate,Wind,Onshore,0.499,01-09-2016,Dublin,DSO,East,53.3498,-6.2603
Kilpatrick Wind,Wind,Onshore,0.499,30-01-2020,Cork,DSO,South,51.8979,-8.4706
Patrick Costello Wind Turbine,Wind,Onshore,0.495,21-12-2018,Tipperary,DSO,South,52.4732,-8.1615
KWT Energy Ltd,Wind,Onshore,0.49,20-12-2016,Waterford,DSO,South,52.2593,-7.1101
Meenkeeragh Wind Farm (2),Wind,Onshore,0.4,25-04-2013,Donegal,DSO,North,54.6544,-8.1041
Glackmore Hill (3),Wind,Onshore,0.3,28-04-2009,Donegal,DSO,North,54.6544,-8.1041
Meade Potato Company,Wind,Onshore,0.3,03-06-2014,Wexford,DSO,East,52.3369,-6.4629
Moneenatieve Wind Farm (2),Wind,Onshore,0.29,15-10-2011,Monaghan,DSO,North,54.2498,-6.9683
Donaghmede Fr Collins Park Wind Farm,Wind,Onshore,0.25,01-05-2009,Sligo,DSO,West,54.2766,-8.4761
Mounvaun (Mienvee) Wind Farm (2),Wind,Onshore,0.19,01-01-2008,Clare,DSO,West,52.8436,-9.0038
Burtonstown Autoproducer,Wind,Onshore,0.15,01-10-2014,Wexford,DSO,East,52.3369,-6.4629
Burtonstown,Wind,Onshore,0.15,01-10-2014,Wexford,DSO,East,52.3369,-6.4629
Tierney Farms,Wind,Onshore,0.15,18-04-2017,Waterford,DSO,South,52.2593,-7.1101
Tullow Mushroom Growers Ltd,Wind,Onshore,0.133,01-11-2010,Carlow,DSO,East,52.8365,-6.9341
Patrick Costello Wind Turbine Ext,Wind,Onshore,0.13,15-03-2022,Tipperary,DSO,South,52.4732,-8.1615
"St Patricks Missionary Society, Co. Wicklow",Wind,Onshore,0.13,26-06-2012,Wicklow,DSO,East,52.98,-6.04
IS Sustainable Supply Chain,Wind,Onshore,0.12,01-09-2023,Donegal,DSO,North,54.6544,-8.1041
James Nally,Wind,Onshore,0.11,14-11-2013,Westmeath,DSO,East,53.5333,-7.4333
Leo Barry,Wind,Onshore,0.05,19-08-2015,Wexford,DSO,East,52.3369,-6.4629
Anarget Wind Farm (2),Wind,Onshore,0.02,01-12-2004,Donegal,DSO,North,54.6544,-8.1041
Owenstown,Wind,Onshore,0.018,01-12-2010,Kildare,DSO,East,53.212,-6.8195
Carrickallen Wind Farm,Wind,Onshore,22.0,11-10-2018,Dublin,DSO,East,53.3498,-6.2603
Sheskin Windfarm Phase1,Wind,Onshore,16.8,07-12-2023,Mayo,DSO,West,53.9846,-9.2822
Shalvey Poultry WT,Wind,Onshore,0.017,01-02-2013,Dublin,DSO,East,53.3498,-6.2603
Lios na Carraige,Wind,Onshore,0.017,01-10-2008,Meath,DSO,East,53.6056,-6.6564
M8 Junction 10 WT,Wind,Onshore,0.01,18-07-2012,Tipperary,DSO,South,52.4732,-8.1615
