Date,Wind_GWh,Solar_GWh,Wind_Speed_10m,Temperature_Celsius,Cloud_Cover,Solar_Radiation_MJ_per_m2,Wind_Capacity_MW,Solar_Capacity_MW,Wind_GWh_Lag1,Wind_GWh_Lag2,Wind_GWh_Lag12,Solar_GWh_Lag1,Solar_GWh_Lag2,Solar_GWh_Lag12,Wind_GWh_RollingMean3,Solar_GWh_RollingMean3,East_Wind_Total_MW,West_Wind_Total_MW,North_Wind_Total_MW,South_Wind_Total_MW,East_Solar_Total_MW,West_Solar_Total_MW,South_Solar_Total_MW
2011-01-01,274.802,0.0,1.5804212,5.1265016,0.7160629,2722785.5,1443.528,0.7,218.84,341.232,248.002,0.0,0.0,0.0,278.29133333333334,0.0,874.789,1244.118,697.3979999999999,2122.201,627.2090000000001,9.2,109.97
2011-02-01,354.989,0.0,4.150639,7.4958653,0.7708915,4892891.0,1448.178,0.7,274.802,218.84,150.952,0.0,0.0,0.0,282.877,0.0,874.789,1244.118,697.3979999999999,2122.201,627.2090000000001,9.2,109.97
2011-03-01,205.538,0.0,1.3151177,7.115686,0.6544995,10031971.0,1453.278,0.7,354.989,274.802,251.394,0.0,0.0,0.0,278.443,0.0,874.789,1244.118,697.3979999999999,2122.201,627.2090000000001,9.2,109.97
2011-04-01,245.734,0.0,1.8218471,10.619301,0.6722466,15662278.0,1472.878,0.7,205.538,354.989,186.269,0.0,0.0,0.0,268.7536666666667,0.0,874.789,1244.118,697.3979999999999,2122.201,627.2090000000001,9.2,109.97
2011-05-01,542.454,0.0,4.198789,11.077496,0.7303525,17387700.0,1485.378,0.7,245.734,205.538,168.528,0.0,0.0,0.0,331.24199999999996,0.0,874.789,1244.118,697.3979999999999,2122.201,627.2090000000001,9.2,109.97
2011-06-01,242.292,0.0,2.5661945,11.918293,0.685079,19358158.0,1511.378,0.7,542.454,245.734,155.438,0.0,0.0,0.0,343.4933333333333,0.0,874.789,1244.118,697.3979999999999,2122.201,627.2090000000001,9.2,109.97
2011-07-01,184.921,0.0,1.6296585,13.986278,0.78539485,16903416.0,1530.368,0.7,242.292,542.454,268.309,0.0,0.0,0.0,323.22233333333327,0.0,874.789,1244.118,697.3979999999999,2122.201,627.2090000000001,9.2,109.97
2011-08-01,190.237,0.0,2.4011583,13.759388,0.7419558,14305454.0,1592.808,0.7,184.921,242.292,207.491,0.0,0.0,0.0,205.8166666666666,0.0,874.789,1244.118,697.3979999999999,2122.201,627.2090000000001,9.2,109.97
2011-09-01,483.044,0.0,5.392239,13.701938,0.79020184,9489662.0,1592.808,0.7,190.237,184.921,288.738,0.0,0.0,0.0,286.06733333333324,0.0,874.789,1244.118,697.3979999999999,2122.201,627.2090000000001,9.2,109.97
2011-10-01,450.738,0.0,4.7353787,12.028352,0.8364888,4809977.0,1617.098,0.7,483.044,190.237,321.952,0.0,0.0,0.0,374.67299999999994,0.0,874.789,1244.118,697.3979999999999,2122.201,627.2090000000001,9.2,109.97
2011-11-01,546.286,0.0,4.9286823,10.641469,0.7409434,3116192.8,1617.598,0.7,450.738,483.044,341.232,0.0,0.0,0.0,493.35599999999994,0.0,874.789,1244.118,697.3979999999999,2122.201,627.2090000000001,9.2,109.97
2011-12-01,649.314,0.0,7.313563,7.31394,0.77702886,1838149.5,1620.998,0.7,546.286,450.738,218.84,0.0,0.0,0.0,548.7793333333333,0.0,874.789,1244.118,697.3979999999999,2122.201,627.2090000000001,9.2,109.97
2012-01-01,537.091,0.0,4.7165875,7.701514,0.83359694,2250527.0,1620.998,0.7,649.314,546.286,274.802,0.0,0.0,0.0,577.5636666666666,0.0,874.789,1244.118,697.3979999999999,2122.201,627.2090000000001,9.2,109.97
2012-02-01,372.643,0.0,3.3854454,7.6769295,0.8937073,3843176.0,1620.998,0.7,537.091,649.314,354.989,0.0,0.0,0.0,519.6826666666666,0.0,874.789,1244.118,697.3979999999999,2122.201,627.2090000000001,9.2,109.97
2012-03-01,308.961,0.0,2.2784219,8.88237,0.67741615,10396377.0,1620.998,0.7,372.643,537.091,205.538,0.0,0.0,0.0,406.2316666666666,0.0,874.789,1244.118,697.3979999999999,2122.201,627.2090000000001,9.2,109.97
2012-04-01,362.392,0.0,3.3823714,7.528766,0.6350731,15431789.0,1635.988,0.7,308.961,372.643,245.734,0.0,0.0,0.0,347.9986666666666,0.0,874.789,1244.118,697.3979999999999,2122.201,627.2090000000001,9.2,109.97
2012-05-01,258.475,0.0,0.87023926,10.735611,0.7081962,18175084.0,1635.988,0.7,362.392,308.961,542.454,0.0,0.0,0.0,309.94266666666664,0.0,874.789,1244.118,697.3979999999999,2122.201,627.2090000000001,9.2,109.97
2012-06-01,240.156,0.0,1.5529944,12.499234,0.82894427,16319786.0,1670.268,0.7,258.475,362.392,242.292,0.0,0.0,0.0,287.00766666666664,0.0,874.789,1244.118,697.3979999999999,2122.201,627.2090000000001,9.2,109.97
2012-07-01,220.825,0.0,2.0271592,13.840955,0.7811975,15679015.0,1670.278,0.7,240.156,258.475,184.921,0.0,0.0,0.0,239.81866666666664,0.0,874.789,1244.118,697.3979999999999,2122.201,627.2090000000001,9.2,109.97
2012-08-01,293.377,0.0,2.6854606,15.282195,0.76189435,14754456.0,1670.278,0.7,220.825,240.156,190.237,0.0,0.0,0.0,251.45266666666666,0.0,874.789,1244.118,697.3979999999999,2122.201,627.2090000000001,9.2,109.97
2012-09-01,310.492,0.0,3.5203156,12.974229,0.7633441,10317375.0,1682.878,0.7,293.377,220.825,483.044,0.0,0.0,0.0,274.89799999999997,0.0,874.789,1244.118,697.3979999999999,2122.201,627.2090000000001,9.2,109.97
2012-10-01,271.708,0.0,0.9914407,9.9304695,0.7364165,6105414.5,1707.09,0.7,310.492,293.377,450.738,0.0,0.0,0.0,291.859,0.0,874.789,1244.118,697.3979999999999,2122.201,627.2090000000001,9.2,109.97
2012-11-01,360.524,0.0,3.2383852,7.7340894,0.7114339,3263567.5,1710.99,0.7,271.708,310.492,546.286,0.0,0.0,0.0,314.24133333333333,0.0,874.789,1244.118,697.3979999999999,2122.201,627.2090000000001,9.2,109.97
2012-12-01,462.775,0.0,3.5605388,7.0911856,0.77599686,1957227.6,1748.89,0.7,360.524,271.708,649.314,0.0,0.0,0.0,365.0023333333333,0.0,874.789,1244.118,697.3979999999999,2122.201,627.2090000000001,9.2,109.97
2013-01-01,449.088,0.0,3.543368,6.620413,0.80017996,2304243.8,1748.89,1.0,462.775,360.524,537.091,0.0,0.0,0.0,424.1289999999999,0.0,874.789,1244.118,697.3979999999999,2122.201,627.2090000000001,9.2,109.97
2013-02-01,397.565,0.0,0.9329542,5.804914,0.7220524,5428007.0,1763.707,1.0,449.088,462.775,372.643,0.0,0.0,0.0,436.47599999999994,0.0,874.789,1244.118,697.3979999999999,2122.201,627.2090000000001,9.2,109.97
2013-03-01,431.606,0.0,4.2579474,4.564141,0.765397,9107997.0,1771.987,1.0,397.565,449.088,308.961,0.0,0.0,0.0,426.08633333333324,0.0,874.789,1244.118,697.3979999999999,2122.201,627.2090000000001,9.2,109.97
2013-04-01,445.619,0.0,1.5346823,7.3844743,0.6504884,15101368.0,1786.137,1.0,431.606,397.565,362.392,0.0,0.0,0.0,424.93,0.0,874.789,1244.118,697.3979999999999,2122.201,627.2090000000001,9.2,109.97
2013-05-01,433.881,0.0,3.0844324,9.846056,0.72600996,17963048.0,1805.137,1.0,445.619,431.606,258.475,0.0,0.0,0.0,437.03533333333326,0.0,874.789,1244.118,697.3979999999999,2122.201,627.2090000000001,9.2,109.97
2013-06-01,247.352,0.0,1.7690905,13.111051,0.72063583,19111900.0,1805.137,1.0,433.881,445.619,240.156,0.0,0.0,0.0,375.6173333333333,0.0,874.789,1244.118,697.3979999999999,2122.201,627.2090000000001,9.2,109.97
2013-07-01,140.312,0.0,1.5082012,16.678295,0.6514094,20470086.0,1818.087,1.0,247.352,433.881,220.825,0.0,0.0,0.0,273.8483333333333,0.0,874.789,1244.118,697.3979999999999,2122.201,627.2090000000001,9.2,109.97
2013-08-01,261.029,0.0,3.5183,15.311791,0.7752144,14176222.0,1818.087,1.0,140.312,247.352,293.377,0.0,0.0,0.0,216.231,0.0,874.789,1244.118,697.3979999999999,2122.201,627.2090000000001,9.2,109.97
2013-09-01,312.105,0.0,1.7884411,13.712334,0.80533254,9650190.0,1875.287,1.0,261.029,140.312,310.492,0.0,0.0,0.0,237.8153333333333,0.0,874.789,1244.118,697.3979999999999,2122.201,627.2090000000001,9.2,109.97
2013-10-01,417.989,0.0,2.345762,12.468028,0.75754476,5803186.0,1880.287,1.0,312.105,261.029,271.708,0.0,0.0,0.0,330.3743333333333,0.0,874.789,1244.118,697.3979999999999,2122.201,627.2090000000001,9.2,109.97
2013-11-01,335.976,0.0,3.7802985,8.038032,0.7229766,3354578.8,1885.397,1.0,417.989,312.105,360.524,0.0,0.0,0.0,355.3566666666666,0.0,874.789,1244.118,697.3979999999999,2122.201,627.2090000000001,9.2,109.97
2013-12-01,657.156,0.0,6.730916,7.9469194,0.7903367,1928443.4,1924.397,1.0,335.976,417.989,462.775,0.0,0.0,0.0,470.3736666666666,0.0,874.789,1244.118,697.3979999999999,2122.201,627.2090000000001,9.2,109.97
2014-01-01,578.928,0.0,5.00765,6.7187653,0.7255262,2577286.8,1970.347,1.1,657.156,335.976,449.088,0.0,0.0,0.0,524.02,0.0,874.789,1244.118,697.3979999999999,2122.201,627.2090000000001,9.2,109.97
2014-02-01,619.469,0.0,5.695215,6.313387,0.7675354,5303653.0,2028.247,1.1,578.928,657.156,397.565,0.0,0.0,0.0,618.5176666666666,0.0,874.789,1244.118,697.3979999999999,2122.201,627.2090000000001,9.2,109.97
2014-03-01,483.024,0.0,2.6600308,7.316123,0.7528852,9082857.0,2043.237,1.1,619.469,578.928,431.606,0.0,0.0,0.0,560.4736666666666,0.0,874.789,1244.118,697.3979999999999,2122.201,627.2090000000001,9.2,109.97
2014-04-01,363.801,0.0,1.6400453,9.712059,0.71174294,14964945.0,2043.237,1.1,483.024,619.469,445.619,0.0,0.0,0.0,488.76466666666664,0.0,874.789,1244.118,697.3979999999999,2122.201,627.2090000000001,9.2,109.97
2014-05-01,353.64,0.0,1.6852248,11.158405,0.78084403,16473742.0,2081.537,1.1,363.801,483.024,433.881,0.0,0.0,0.0,400.155,0.0,874.789,1244.118,697.3979999999999,2122.201,627.2090000000001,9.2,109.97
2014-06-01,201.353,0.0,0.6728634,14.04005,0.71570605,19865360.0,2081.837,1.1,353.64,363.801,247.352,0.0,0.0,0.0,306.26466666666664,0.0,874.789,1244.118,697.3979999999999,2122.201,627.2090000000001,9.2,109.97
2014-07-01,233.675,0.0,2.3360982,15.927581,0.74664915,17489866.0,2152.937,1.1,201.353,353.64,140.312,0.0,0.0,0.0,262.8893333333333,0.0,874.789,1244.118,697.3979999999999,2122.201,627.2090000000001,9.2,109.97
2014-08-01,406.588,0.0,2.8635595,14.260562,0.6723016,15213339.0,2164.937,1.1,233.675,201.353,261.029,0.0,0.0,0.0,280.53866666666664,0.0,874.789,1244.118,697.3979999999999,2122.201,627.2090000000001,9.2,109.97
2014-09-01,183.019,0.0,0.88188875,14.524881,0.72862387,11504654.0,2176.957,1.1,406.588,233.675,312.105,0.0,0.0,0.0,274.4273333333333,0.0,874.789,1244.118,697.3979999999999,2122.201,627.2090000000001,9.2,109.97
2014-10-01,564.285,0.0,4.0648484,12.030632,0.75199014,6078994.5,2213.957,1.1,183.019,406.588,417.989,0.0,0.0,0.0,384.6306666666667,0.0,874.789,1244.118,697.3979999999999,2122.201,627.2090000000001,9.2,109.97
2014-11-01,424.801,0.0,2.0673397,9.164361,0.72298145,3156673.5,2228.957,1.1,564.285,183.019,335.976,0.0,0.0,0.0,390.70166666666665,0.0,874.789,1244.118,697.3979999999999,2122.201,627.2090000000001,9.2,109.97
2014-12-01,703.134,0.0,5.6008925,7.182816,0.7588282,1897144.5,2267.557,1.1,424.801,564.285,657.156,0.0,0.0,0.0,564.0733333333334,0.0,874.789,1244.118,697.3979999999999,2122.201,627.2090000000001,9.2,109.97
2015-01-01,784.501,0.0,5.8885493,6.157028,0.7456401,2693297.0,2267.557,2.1,703.134,424.801,578.928,0.0,0.0,0.0,637.4786666666666,0.0,874.789,1244.118,697.3979999999999,2122.201,627.2090000000001,9.2,109.97
2015-02-01,483.219,0.0,3.1354797,5.683657,0.71545357,5292052.0,2267.557,2.1,784.501,703.134,619.469,0.0,0.0,0.0,656.9513333333333,0.0,874.789,1244.118,697.3979999999999,2122.201,627.2090000000001,9.2,109.97
2015-03-01,593.505,0.0,3.7228036,6.7376738,0.66951907,9908271.0,2267.557,2.1,483.219,784.501,483.024,0.0,0.0,0.0,620.4083333333333,0.0,874.789,1244.118,697.3979999999999,2122.201,627.2090000000001,9.2,109.97
2015-04-01,377.211,0.0,1.0058154,8.551625,0.55870086,16743562.0,2267.557,2.1,593.505,483.219,363.801,0.0,0.0,0.0,484.645,0.0,874.789,1244.118,697.3979999999999,2122.201,627.2090000000001,9.2,109.97
2015-05-01,589.143,0.0,3.1228054,9.835991,0.7751505,16624864.0,2322.457,2.1,377.211,593.505,353.64,0.0,0.0,0.0,519.953,0.0,874.789,1244.118,697.3979999999999,2122.201,627.2090000000001,9.2,109.97
2015-06-01,400.947,0.0,2.5432048,12.595967,0.7230571,19856134.0,2353.557,2.1,589.143,377.211,201.353,0.0,0.0,0.0,455.767,0.0,874.789,1244.118,697.3979999999999,2122.201,627.2090000000001,9.2,109.97
2015-07-01,489.949,0.0,2.8032968,13.8078165,0.7479927,16623599.0,2371.557,2.1,400.947,589.143,233.675,0.0,0.0,0.0,493.34633333333335,0.0,874.789,1244.118,697.3979999999999,2122.201,627.2090000000001,9.2,109.97
2015-08-01,368.369,0.0,3.47539,13.984968,0.7191048,14953027.0,2371.607,2.1,489.949,400.947,406.588,0.0,0.0,0.0,419.75500000000005,0.0,874.789,1244.118,697.3979999999999,2122.201,627.2090000000001,9.2,109.97
2015-09-01,381.609,0.0,0.7030349,12.743816,0.70059,11019971.0,2398.457,2.1,368.369,489.949,183.019,0.0,0.0,0.0,413.309,0.0,874.789,1244.118,697.3979999999999,2122.201,627.2090000000001,9.2,109.97
2015-10-01,388.36,0.0,2.0241516,11.514589,0.74826115,6480843.0,2422.457,2.1,381.609,368.369,564.285,0.0,0.0,0.0,379.44599999999997,0.0,874.789,1244.118,697.3979999999999,2122.201,627.2090000000001,9.2,109.97
2015-11-01,752.462,0.0,5.450531,10.018782,0.78159964,2604640.5,2427.457,2.1,388.36,381.609,424.801,0.0,0.0,0.0,507.47700000000003,0.0,874.789,1244.118,697.3979999999999,2122.201,627.2090000000001,9.2,109.97
2015-12-01,927.38,0.0,6.4980316,9.192878,0.8328035,1591230.4,2447.457,2.1,752.462,388.36,703.134,0.0,0.0,0.0,689.4006666666668,0.0,874.789,1244.118,697.3979999999999,2122.201,627.2090000000001,9.2,109.97
2016-01-01,777.966,0.0,3.7066247,7.0987625,0.8069582,2285086.2,2457.457,5.1,927.38,752.462,784.501,0.0,0.0,0.0,819.2693333333333,0.0,874.789,1244.118,697.3979999999999,2122.201,627.2090000000001,9.2,109.97
2016-02-01,639.368,0.0,3.7011807,5.904029,0.7483515,4933054.0,2467.457,5.1,777.966,927.38,483.219,0.0,0.0,0.0,781.5713333333333,0.0,874.789,1244.118,697.3979999999999,2122.201,627.2090000000001,9.2,109.97
2016-03-01,521.565,0.0,2.0320942,6.8562217,0.6933287,10043196.0,2467.457,5.1,639.368,777.966,593.505,0.0,0.0,0.0,646.2996666666667,0.0,874.789,1244.118,697.3979999999999,2122.201,627.2090000000001,9.2,109.97
2016-04-01,472.091,0.0,1.8751922,7.4608335,0.670124,15041998.0,2480.457,5.1,521.565,639.368,377.211,0.0,0.0,0.0,544.3413333333334,0.0,874.789,1244.118,697.3979999999999,2122.201,627.2090000000001,9.2,109.97
2016-05-01,351.625,0.0,0.45977038,11.54202,0.6263312,19167132.0,2480.457,5.1,472.091,521.565,589.143,0.0,0.0,0.0,448.42699999999996,0.0,874.789,1244.118,697.3979999999999,2122.201,627.2090000000001,9.2,109.97
2016-06-01,312.112,0.0,1.6990763,14.133928,0.7403405,18408882.0,2491.157,5.1,351.625,472.091,400.947,0.0,0.0,0.0,378.6093333333333,0.0,874.789,1244.118,697.3979999999999,2122.201,627.2090000000001,9.2,109.97
2016-07-01,348.549,0.0,3.639187,14.729363,0.77314854,16258285.0,2491.157,5.1,312.112,351.625,489.949,0.0,0.0,0.0,337.4286666666667,0.0,874.789,1244.118,697.3979999999999,2122.201,627.2090000000001,9.2,109.97
2016-08-01,502.521,0.0,3.0762098,15.27925,0.7515339,13989349.0,2526.357,5.1,348.549,312.112,368.369,0.0,0.0,0.0,387.7273333333333,0.0,874.789,1244.118,697.3979999999999,2122.201,627.2090000000001,9.2,109.97
2016-09-01,535.781,0.0,4.3300815,14.292585,0.80537033,9244656.0,2548.456,5.1,502.521,348.549,381.609,0.0,0.0,0.0,462.28366666666665,0.0,874.789,1244.118,697.3979999999999,2122.201,627.2090000000001,9.2,109.97
2016-10-01,446.08,0.0,2.3401206,11.534855,0.7048417,6604779.0,2620.816,5.1,535.781,502.521,388.36,0.0,0.0,0.0,494.7939999999999,0.0,874.789,1244.118,697.3979999999999,2122.201,627.2090000000001,9.2,109.97
2016-11-01,504.521,0.0,2.483482,7.520602,0.660551,3431147.2,2659.516,5.1,446.08,535.781,752.462,0.0,0.0,0.0,495.46066666666667,0.0,874.789,1244.118,697.3979999999999,2122.201,627.2090000000001,9.2,109.97
2016-12-01,702.76,0.0,4.2959485,8.5515585,0.78495425,1817049.9,2795.106,5.1,504.521,446.08,927.38,0.0,0.0,0.0,551.1203333333333,0.0,874.789,1244.118,697.3979999999999,2122.201,627.2090000000001,9.2,109.97
2017-01-01,701.085,0.0,2.370416,7.335038,0.74449813,2572189.5,2799.706,15.7,702.76,504.521,777.966,0.0,0.0,0.0,636.122,0.0,874.789,1244.118,697.3979999999999,2122.201,627.2090000000001,9.2,109.97
2017-02-01,847.725,0.0,2.8888474,7.2662454,0.7950778,4468649.5,2845.205,15.7,701.085,702.76,639.368,0.0,0.0,0.0,750.5233333333332,0.0,874.789,1244.118,697.3979999999999,2122.201,627.2090000000001,9.2,109.97
2017-03-01,774.325,0.0,2.7507346,8.353806,0.7655313,9347616.0,2860.004,15.7,847.725,701.085,521.565,0.0,0.0,0.0,774.3783333333334,0.0,874.789,1244.118,697.3979999999999,2122.201,627.2090000000001,9.2,109.97
2017-04-01,447.909,0.0,2.1854348,9.061004,0.75490683,13657910.0,2865.154,15.7,774.325,847.725,472.091,0.0,0.0,0.0,689.9863333333334,0.0,874.789,1244.118,697.3979999999999,2122.201,627.2090000000001,9.2,109.97
2017-05-01,467.566,0.0,1.4450159,12.01766,0.61547464,19492472.0,2926.954,15.7,447.909,774.325,351.625,0.0,0.0,0.0,563.2666666666667,0.0,874.789,1244.118,697.3979999999999,2122.201,627.2090000000001,9.2,109.97
2017-06-01,578.961,0.0,3.1712492,13.612122,0.7949115,17387792.0,3018.284,15.7,467.566,447.909,312.112,0.0,0.0,0.0,498.1453333333333,0.0,874.789,1244.118,697.3979999999999,2122.201,627.2090000000001,9.2,109.97
2017-07-01,436.831,0.0,2.8185115,14.6015215,0.7432214,17167652.0,3065.684,15.7,578.961,467.566,348.549,0.0,0.0,0.0,494.45266666666674,0.0,874.789,1244.118,697.3979999999999,2122.201,627.2090000000001,9.2,109.97
2017-08-01,442.087,0.0,3.4167042,14.437585,0.72187066,14462692.0,3085.404,15.7,436.831,578.961,502.521,0.0,0.0,0.0,485.95966666666664,0.0,874.789,1244.118,697.3979999999999,2122.201,627.2090000000001,9.2,109.97
2017-09-01,577.936,0.0,2.906955,13.116413,0.73920834,10060260.0,3096.904,15.7,442.087,436.831,535.781,0.0,0.0,0.0,485.618,0.0,874.789,1244.118,697.3979999999999,2122.201,627.2090000000001,9.2,109.97
2017-10-01,710.952,0.0,4.2165737,12.285878,0.851452,4831193.5,3110.482,15.7,577.936,442.087,446.08,0.0,0.0,0.0,576.9916666666667,0.0,874.789,1244.118,697.3979999999999,2122.201,627.2090000000001,9.2,109.97
2017-11-01,614.283,0.0,3.9968371,8.523708,0.74502766,3001438.5,3172.107,15.7,710.952,577.936,504.521,0.0,0.0,0.0,634.3903333333334,0.0,874.789,1244.118,697.3979999999999,2122.201,627.2090000000001,9.2,109.97
2017-12-01,807.98,0.0,3.9087112,7.2088995,0.7847596,1894557.0,3302.774,15.7,614.283,710.952,702.76,0.0,0.0,0.0,711.0716666666667,0.0,874.789,1244.118,697.3979999999999,2122.201,627.2090000000001,9.2,109.97
2018-01-01,1104.542,0.0,4.5729246,6.70155,0.78629124,2647395.5,3334.524,29.0,807.98,614.283,701.085,0.0,0.0,0.0,842.2683333333333,0.0,874.789,1244.118,697.3979999999999,2122.201,627.2090000000001,9.2,109.97
2018-02-01,783.931,0.0,1.7609876,4.972866,0.6355254,5856177.0,3376.514,29.0,1104.542,807.98,847.725,0.0,0.0,0.0,898.8176666666667,0.0,874.789,1244.118,697.3979999999999,2122.201,627.2090000000001,9.2,109.97
2018-03-01,748.129,0.0,1.5110927,5.4029655,0.7434783,9005598.0,3416.114,29.0,783.931,1104.542,774.325,0.0,0.0,0.0,878.8673333333332,0.0,874.789,1244.118,697.3979999999999,2122.201,627.2090000000001,9.2,109.97
2018-04-01,704.743,0.0,1.9606977,8.508231,0.7389851,13573177.0,3428.664,29.0,748.129,783.931,447.909,0.0,0.0,0.0,745.601,0.0,874.789,1244.118,697.3979999999999,2122.201,627.2090000000001,9.2,109.97
2018-05-01,500.298,0.0,1.2822381,11.632415,0.69869906,18056378.0,3428.664,29.0,704.743,748.129,467.566,0.0,0.0,0.0,651.0566666666667,0.0,874.789,1244.118,697.3979999999999,2122.201,627.2090000000001,9.2,109.97
2018-06-01,315.223,0.0,0.95563155,14.910581,0.64305204,21345514.0,3446.844,29.0,500.298,704.743,578.961,0.0,0.0,0.0,506.7546666666667,0.0,874.789,1244.118,697.3979999999999,2122.201,627.2090000000001,9.2,109.97
2018-07-01,336.498,0.0,1.6739211,16.082878,0.69950664,18147004.0,3456.294,29.0,315.223,500.298,436.831,0.0,0.0,0.0,384.0063333333333,0.0,874.789,1244.118,697.3979999999999,2122.201,627.2090000000001,9.2,109.97
2018-08-01,546.547,0.0,3.7903275,14.932595,0.8039772,12894647.0,3495.094,29.0,336.498,315.223,442.087,0.0,0.0,0.0,399.42266666666666,0.0,874.789,1244.118,697.3979999999999,2122.201,627.2090000000001,9.2,109.97
2018-09-01,643.736,0.0,3.6861641,12.855907,0.77684367,9653657.0,3517.143,29.0,546.547,336.498,577.936,0.0,0.0,0.0,508.92699999999996,0.0,874.789,1244.118,697.3979999999999,2122.201,627.2090000000001,9.2,109.97
2018-10-01,725.032,0.0,2.531073,10.805706,0.7382324,6060258.5,3604.143,29.0,643.736,546.547,710.952,0.0,0.0,0.0,638.4383333333334,0.0,874.789,1244.118,697.3979999999999,2122.201,627.2090000000001,9.2,109.97
2018-11-01,1023.995,0.0,4.0069466,9.173437,0.71156025,2999808.8,3609.143,29.0,725.032,643.736,614.283,0.0,0.0,0.0,797.5876666666667,0.0,874.789,1244.118,697.3979999999999,2122.201,627.2090000000001,9.2,109.97
2018-12-01,1167.327,0.0,4.2653756,8.960694,0.8592541,1540265.8,3667.538,29.0,1023.995,725.032,807.98,0.0,0.0,0.0,972.118,0.0,874.789,1244.118,697.3979999999999,2122.201,627.2090000000001,9.2,109.97
2019-01-01,791.284,0.0,3.1588693,7.131699,0.8209726,2371075.0,3683.238,36.0,1167.327,1023.995,1104.542,0.0,0.0,0.0,994.2020000000001,0.0,874.789,1244.118,697.3979999999999,2122.201,627.2090000000001,9.2,109.97
2019-02-01,1160.71,0.0,4.953312,8.4296465,0.76303655,5319570.0,3683.238,36.0,791.284,1167.327,783.931,0.0,0.0,0.0,1039.7736666666667,0.0,874.789,1244.118,697.3979999999999,2122.201,627.2090000000001,9.2,109.97
2019-03-01,970.673,0.0,4.8646865,7.8306403,0.7823724,8609972.0,3701.238,36.0,1160.71,791.284,748.129,0.0,0.0,0.0,974.2223333333335,0.0,874.789,1244.118,697.3979999999999,2122.201,627.2090000000001,9.2,109.97
2019-04-01,789.531,0.0,2.4487176,9.139821,0.77395666,13983996.0,3703.876,36.0,970.673,1160.71,704.743,0.0,0.0,0.0,973.6379999999999,0.0,874.789,1244.118,697.3979999999999,2122.201,627.2090000000001,9.2,109.97
2019-05-01,546.275,0.0,0.95580566,10.803613,0.74278504,18153450.0,3730.326,36.0,789.531,970.673,500.298,0.0,0.0,0.0,768.8263333333333,0.0,874.789,1244.118,697.3979999999999,2122.201,627.2090000000001,9.2,109.97
2019-06-01,622.842,0.0,1.140962,12.661281,0.68009543,19568142.0,3738.825,36.0,546.275,789.531,315.223,0.0,0.0,0.0,652.8826666666666,0.0,874.789,1244.118,697.3979999999999,2122.201,627.2090000000001,9.2,109.97
2019-07-01,492.446,0.0,2.02719,15.6333065,0.7788421,17584166.0,3738.825,36.0,622.842,546.275,336.498,0.0,0.0,0.0,553.8543333333333,0.0,874.789,1244.118,697.3979999999999,2122.201,627.2090000000001,9.2,109.97
2019-08-01,799.443,0.0,3.6596327,15.310919,0.7410873,14541207.0,3776.785,36.0,492.446,622.842,546.547,0.0,0.0,0.0,638.2436666666666,0.0,874.789,1244.118,697.3979999999999,2122.201,627.2090000000001,9.2,109.97
2019-09-01,778.572,0.0,2.6363382,13.938366,0.69455993,10380933.0,3901.765,36.0,799.443,492.446,643.736,0.0,0.0,0.0,690.1536666666667,0.0,874.789,1244.118,697.3979999999999,2122.201,627.2090000000001,9.2,109.97
2019-10-01,949.999,0.0,1.8625311,10.639424,0.71479,6257751.5,3961.604,36.0,778.572,799.443,725.032,0.0,0.0,0.0,842.6713333333333,0.0,874.789,1244.118,697.3979999999999,2122.201,627.2090000000001,9.2,109.97
2019-11-01,897.874,0.0,1.7507622,7.862344,0.7517324,3061784.8,4012.104,36.0,949.999,778.572,1023.995,0.0,0.0,0.0,875.4816666666666,0.0,874.789,1244.118,697.3979999999999,2122.201,627.2090000000001,9.2,109.97
2019-12-01,1167.824,0.0,4.5232487,7.623553,0.7401472,1972611.2,4113.293,36.0,897.874,949.999,1167.327,0.0,0.0,0.0,1005.2323333333334,0.0,874.789,1244.118,697.3979999999999,2122.201,627.2090000000001,9.2,109.97
2020-01-01,1175.731,0.0,5.692311,7.4333186,0.78177667,2476409.5,4149.792,89.9,1167.824,897.874,791.284,0.0,0.0,0.0,1080.4763333333333,0.0,874.789,1244.118,697.3979999999999,2122.201,627.2090000000001,9.2,109.97
2020-02-01,1498.179,0.0,7.181998,6.6690283,0.7699373,5218642.5,4187.292,89.9,1175.731,1167.824,1160.71,0.0,0.0,0.0,1280.5780000000002,0.0,874.789,1244.118,697.3979999999999,2122.201,627.2090000000001,9.2,109.97
2020-03-01,1162.977,0.0,2.432578,6.910475,0.6940014,9519526.0,4213.441,89.9,1498.179,1175.731,970.673,0.0,0.0,0.0,1278.9623333333334,0.0,874.789,1244.118,697.3979999999999,2122.201,627.2090000000001,9.2,109.97
2020-04-01,574.227,0.0,1.0532539,9.516226,0.6520891,16435995.0,4247.041,89.9,1162.977,1498.179,789.531,0.0,0.0,0.0,1078.461,0.0,874.789,1244.118,697.3979999999999,2122.201,627.2090000000001,9.2,109.97
2020-05-01,767.836,0.0,1.1233821,11.567009,0.6797887,20409610.0,4247.041,89.9,574.227,1162.977,546.275,0.0,0.0,0.0,835.0133333333333,0.0,874.789,1244.118,697.3979999999999,2122.201,627.2090000000001,9.2,109.97
2020-06-01,725.201,0.0,1.8782046,13.194367,0.8153154,17053264.0,4247.041,89.9,767.836,574.227,622.842,0.0,0.0,0.0,689.0880000000001,0.0,874.789,1244.118,697.3979999999999,2122.201,627.2090000000001,9.2,109.97
2020-07-01,761.876,0.0,3.418968,14.007636,0.80353194,14965143.0,4247.041,89.9,725.201,767.836,492.446,0.0,0.0,0.0,751.6376666666666,0.0,874.789,1244.118,697.3979999999999,2122.201,627.2090000000001,9.2,109.97
2020-08-01,629.406,0.0,1.2007749,15.331411,0.76499873,13824425.0,4247.041,89.9,761.876,725.201,799.443,0.0,0.0,0.0,705.4943333333332,0.0,874.789,1244.118,697.3979999999999,2122.201,627.2090000000001,9.2,109.97
2020-09-01,755.488,0.0,2.4851885,13.6747265,0.7192487,10686011.0,4247.041,89.9,629.406,761.876,778.572,0.0,0.0,0.0,715.59,0.0,874.789,1244.118,697.3979999999999,2122.201,627.2090000000001,9.2,109.97
2020-10-01,1136.627,0.0,2.7010634,10.711387,0.70896155,6302337.0,4278.391,89.9,755.488,629.406,949.999,0.0,0.0,0.0,840.5070000000001,0.0,874.789,1244.118,697.3979999999999,2122.201,627.2090000000001,9.2,109.97
2020-11-01,1060.059,0.0,3.9123828,9.563896,0.78481007,2834698.5,4278.391,89.9,1136.627,755.488,897.874,0.0,0.0,0.0,984.058,0.0,874.789,1244.118,697.3979999999999,2122.201,627.2090000000001,9.2,109.97
2020-12-01,1248.375,0.0,3.0980177,6.7964306,0.74099493,2034794.9,4323.391,89.9,1060.059,1136.627,1167.824,0.0,0.0,0.0,1148.3536666666666,0.0,874.789,1244.118,697.3979999999999,2122.201,627.2090000000001,9.2,109.97
2021-01-01,951.243,0.0,1.6950401,5.5741735,0.72927266,2514342.0,4332.691,92.4,1248.375,1060.059,1175.731,0.0,0.0,0.0,1086.559,0.0,874.789,1244.118,697.3979999999999,2122.201,627.2090000000001,9.2,109.97
2021-02-01,1348.293,0.0,4.641557,6.720914,0.7760328,4835861.0,4332.691,92.4,951.243,1248.375,1498.179,0.0,0.0,0.0,1182.637,0.0,874.789,1244.118,697.3979999999999,2122.201,627.2090000000001,9.2,109.97
2021-03-01,962.325,0.0,3.3615375,7.746933,0.80573136,8573066.0,4332.691,92.4,1348.293,951.243,1162.977,0.0,0.0,0.0,1087.287,0.0,874.789,1244.118,697.3979999999999,2122.201,627.2090000000001,9.2,109.97
2021-04-01,641.598,0.0,1.2520727,7.8422894,0.56305015,16751450.0,4332.811,92.4,962.325,1348.293,574.227,0.0,0.0,0.0,984.0719999999998,0.0,874.789,1244.118,697.3979999999999,2122.201,627.2090000000001,9.2,109.97
2021-05-01,745.216,0.0,1.4888191,9.726217,0.65080404,19232630.0,4332.811,92.4,641.598,962.325,767.836,0.0,0.0,0.0,783.0463333333333,0.0,874.789,1244.118,697.3979999999999,2122.201,627.2090000000001,9.2,109.97
2021-06-01,587.373,0.0,1.1602193,13.243694,0.78278726,18135260.0,4332.811,92.4,745.216,641.598,725.201,0.0,0.0,0.0,658.0623333333333,0.0,874.789,1244.118,697.3979999999999,2122.201,627.2090000000001,9.2,109.97
2021-07-01,296.283,0.0,1.0993071,16.130602,0.7222974,18633744.0,4332.811,92.4,587.373,745.216,761.876,0.0,0.0,0.0,542.9573333333334,0.0,874.789,1244.118,697.3979999999999,2122.201,627.2090000000001,9.2,109.97
2021-08-01,547.06,0.0,1.399736,15.290002,0.752724,14261697.0,4332.811,92.4,296.283,587.373,629.406,0.0,0.0,0.0,476.9053333333333,0.0,874.789,1244.118,697.3979999999999,2122.201,627.2090000000001,9.2,109.97
2021-09-01,520.881,0.0,1.9989759,15.014957,0.80015755,9646984.0,4332.811,92.4,547.06,296.283,755.488,0.0,0.0,0.0,454.74133333333333,0.0,874.789,1244.118,697.3979999999999,2122.201,627.2090000000001,9.2,109.97
2021-10-01,956.485,0.0,4.104782,12.323149,0.80927616,5814523.5,4332.811,92.4,520.881,547.06,1136.627,0.0,0.0,0.0,674.8086666666667,0.0,874.789,1244.118,697.3979999999999,2122.201,627.2090000000001,9.2,109.97
2021-11-01,936.019,0.0,3.7885647,9.570084,0.76607424,3041964.5,4332.811,92.4,956.485,520.881,1060.059,0.0,0.0,0.0,804.4616666666666,0.0,874.789,1244.118,697.3979999999999,2122.201,627.2090000000001,9.2,109.97
2021-12-01,1225.576,0.0,2.5414236,8.336743,0.8230989,1758544.4,4332.811,92.4,936.019,956.485,1248.375,0.0,0.0,0.0,1039.36,0.0,874.789,1244.118,697.3979999999999,2122.201,627.2090000000001,9.2,109.97
2022-01-01,995.264,0.0,3.840677,7.4969196,0.7249272,2749098.2,4332.811,187.9,1225.576,936.019,951.243,0.0,0.0,0.0,1052.2863333333332,0.0,874.789,1244.118,697.3979999999999,2122.201,627.2090000000001,9.2,109.97
2022-02-01,1513.214,0.0,6.919896,7.74078,0.7882582,5012300.5,4343.741,187.9,995.264,1225.576,1348.293,0.0,0.0,0.0,1244.6846666666668,0.0,874.789,1244.118,697.3979999999999,2122.201,627.2090000000001,9.2,109.97
2022-03-01,932.523,0.0,2.2767649,7.784261,0.52561355,11273184.0,4343.741,187.9,1513.214,995.264,962.325,0.0,0.0,0.0,1147.0003333333334,0.0,874.789,1244.118,697.3979999999999,2122.201,627.2090000000001,9.2,109.97
2022-04-01,839.06,0.0,0.5022818,9.08831,0.68836004,14450800.0,4344.241,187.9,932.523,1513.214,641.598,0.0,0.0,0.0,1094.9323333333334,0.0,874.789,1244.118,697.3979999999999,2122.201,627.2090000000001,9.2,109.97
2022-05-01,854.119,0.0,3.2270675,11.915799,0.74791116,17655734.0,4344.241,187.9,839.06,932.523,745.216,0.0,0.0,0.0,875.234,0.0,874.789,1244.118,697.3979999999999,2122.201,627.2090000000001,9.2,109.97
2022-06-01,725.555,0.0,2.5425527,13.3519335,0.7365742,18422058.0,4344.241,187.9,854.119,839.06,587.373,0.0,0.0,0.0,806.2446666666666,0.0,874.789,1244.118,697.3979999999999,2122.201,627.2090000000001,9.2,109.97
2022-07-01,520.754,0.0,2.284485,15.516557,0.8263424,17238790.0,4367.301,187.9,725.555,854.119,296.283,0.0,0.0,0.0,700.1426666666666,0.0,874.789,1244.118,697.3979999999999,2122.201,627.2090000000001,9.2,109.97
2022-08-01,509.108,2.767,1.703583,16.02444,0.64353806,16736528.0,4367.301,187.9,520.754,725.555,547.06,0.0,0.0,0.0,585.139,0.9223333333333333,874.789,1244.118,697.3979999999999,2122.201,627.2090000000001,9.2,109.97
2022-09-01,643.172,3.242,1.0805953,14.172923,0.7557633,10552561.0,4397.301,187.9,509.108,520.754,520.881,2.767,0.0,0.0,557.678,2.003,874.789,1244.118,697.3979999999999,2122.201,627.2090000000001,9.2,109.97
2022-10-01,1250.767,2.641,4.1950736,12.745035,0.7666021,5893539.5,4427.301,187.9,643.172,509.108,956.485,3.242,2.767,0.0,801.0156666666667,2.8833333333333333,874.789,1244.118,697.3979999999999,2122.201,627.2090000000001,9.2,109.97
2022-11-01,1334.786,2.388,5.466969,10.0863905,0.75596964,3211073.5,4467.901,187.9,1250.767,643.172,936.019,2.641,3.242,0.0,1076.2416666666668,2.757,874.789,1244.118,697.3979999999999,2122.201,627.2090000000001,9.2,109.97
2022-12-01,1029.827,2.098,1.6131024,6.0883946,0.6681189,2191883.8,4527.901,187.9,1334.786,1250.767,1225.576,2.388,2.641,0.0,1205.1266666666668,2.375666666666666,874.789,1244.118,697.3979999999999,2122.201,627.2090000000001,9.2,109.97
2023-01-01,1211.068,3.514,4.668418,7.1786823,0.7835365,2587361.2,4556.901,445.2,1029.827,1334.786,995.264,2.098,2.388,0.0,1191.8936666666668,2.6666666666666665,874.789,1244.118,697.3979999999999,2122.201,627.2090000000001,9.2,109.97
2023-02-01,1105.607,9.194,3.141634,8.209258,0.79857236,4910852.5,4570.701,445.2,1211.068,1029.827,1513.214,3.514,2.098,0.0,1115.5006666666668,4.935333333333333,874.789,1244.118,697.3979999999999,2122.201,627.2090000000001,9.2,109.97
2023-03-01,1122.606,15.481,1.8999022,7.538489,0.8026962,8070690.5,4570.701,445.2,1105.607,1211.068,932.523,9.194,3.514,0.0,1146.427,9.396333333333333,874.789,1244.118,697.3979999999999,2122.201,627.2090000000001,9.2,109.97
2023-04-01,933.626,33.999,1.4211257,9.298922,0.7090606,13820624.0,4588.701,445.2,1122.606,1105.607,839.06,15.481,9.194,0.0,1053.9463333333333,19.558000000000003,874.789,1244.118,697.3979999999999,2122.201,627.2090000000001,9.2,109.97
2023-05-01,564.269,63.296,0.95691055,12.22305,0.6966722,19063764.0,4588.701,445.2,933.626,1122.606,854.119,33.999,15.481,0.0,873.5003333333333,37.592,874.789,1244.118,697.3979999999999,2122.201,627.2090000000001,9.2,109.97
2023-06-01,538.073,63.954,1.175437,15.941837,0.60833657,21503196.0,4638.901,445.2,564.269,933.626,725.555,63.296,33.999,0.0,678.656,53.74966666666666,874.789,1244.118,697.3979999999999,2122.201,627.2090000000001,9.2,109.97
2023-07-01,877.184,59.491,3.5401566,14.779753,0.7614344,16268529.0,4666.301,445.2,538.073,564.269,520.754,63.954,63.296,0.0,659.842,62.24699999999999,874.789,1244.118,697.3979999999999,2122.201,627.2090000000001,9.2,109.97
2023-08-01,887.967,55.135,2.3035195,15.340735,0.73130965,14325237.0,4700.701,445.2,877.184,538.073,509.108,59.491,63.954,2.767,767.7413333333334,59.526666666666664,874.789,1244.118,697.3979999999999,2122.201,627.2090000000001,9.2,109.97
2023-09-01,853.168,42.244,2.1854262,15.062298,0.70384854,10359395.0,4713.601,445.2,887.967,877.184,643.172,55.135,59.491,3.242,872.773,52.29,874.789,1244.118,697.3979999999999,2122.201,627.2090000000001,9.2,109.97
2023-10-01,837.014,34.369,1.9013935,12.156175,0.8212453,5632241.5,4713.601,445.2,853.168,887.967,1250.767,42.244,55.135,2.641,859.3829999999999,43.916,874.789,1244.118,697.3979999999999,2122.201,627.2090000000001,9.2,109.97
2023-11-01,1137.068,20.131,3.0257845,9.126877,0.71279585,3445353.8,4713.601,445.2,837.014,853.168,1334.786,34.369,42.244,2.388,942.4166666666666,32.248,874.789,1244.118,697.3979999999999,2122.201,627.2090000000001,9.2,109.97
2023-12-01,1537.47,10.196,4.7240267,8.610866,0.79957813,1837946.2,4731.391,445.2,1137.068,837.014,1029.827,20.131,34.369,2.098,1170.5173333333332,21.56533333333333,874.789,1244.118,697.3979999999999,2122.201,627.2090000000001,9.2,109.97
2024-01-01,1141.615,16.93,2.6529243,6.3108726,0.67046,2713160.5,4731.391,0.0,1537.47,1137.068,1211.068,10.196,20.131,3.514,1272.051,15.75233333333333,874.789,1244.118,697.3979999999999,2122.201,627.2090000000001,9.2,109.97
2024-02-01,1197.359,19.941,3.7877448,8.143121,0.8435049,4521177.0,4747.291,0.0,1141.615,1537.47,1105.607,16.93,10.196,9.194,1292.148,15.688999999999998,874.789,1244.118,697.3979999999999,2122.201,627.2090000000001,9.2,109.97
2024-03-01,1330.54,34.572,1.8556459,7.924066,0.77810967,8412219.0,4768.891,0.0,1197.359,1141.615,1122.606,19.941,16.93,15.481,1223.1713333333335,23.814333333333334,874.789,1244.118,697.3979999999999,2122.201,627.2090000000001,9.2,109.97
2024-04-01,928.997,65.365,2.0350413,9.290166,0.7354762,13807354.0,4768.891,0.0,1330.54,1197.359,933.626,34.572,19.941,33.999,1152.2986666666666,39.959333333333326,874.789,1244.118,697.3979999999999,2122.201,627.2090000000001,9.2,109.97
2024-05-01,560.063,94.089,0.8489122,12.366132,0.7400812,17416382.0,4768.891,0.0,928.997,1330.54,564.269,65.365,34.572,63.296,939.8666666666667,64.67533333333334,874.789,1244.118,697.3979999999999,2122.201,627.2090000000001,9.2,109.97
2024-06-01,640.203,101.188,3.124601,12.811061,0.73188317,18564728.0,4809.891,0.0,560.063,928.997,538.073,94.089,65.365,63.954,709.7543333333333,86.88066666666667,874.789,1244.118,697.3979999999999,2122.201,627.2090000000001,9.2,109.97
2024-07-01,587.208,115.457,2.1052315,14.305027,0.78863937,16557731.0,4809.891,0.0,640.203,560.063,877.184,101.188,94.089,59.491,595.8246666666668,103.57799999999999,874.789,1244.118,697.3979999999999,2122.201,627.2090000000001,9.2,109.97
2024-08-01,947.575,98.174,5.0504804,15.043768,0.7026336,14562473.0,4838.091,0.0,587.208,640.203,887.967,115.457,101.188,55.135,724.9953333333333,104.93966666666665,874.789,1244.118,697.3979999999999,2122.201,627.2090000000001,9.2,109.97
2024-09-01,794.546,73.727,1.9802207,13.350514,0.6683965,10726389.0,4852.591,0.0,947.575,587.208,853.168,98.174,115.457,42.244,776.4430000000001,95.786,874.789,1244.118,697.3979999999999,2122.201,627.2090000000001,9.2,109.97
2024-10-01,1032.437,54.281,2.5294552,12.030245,0.7300662,5882238.0,4934.091,0.0,794.546,947.575,837.014,73.727,98.174,34.369,924.8526666666667,75.394,874.789,1244.118,697.3979999999999,2122.201,627.2090000000001,9.2,109.97
2024-11-01,887.614,23.612,2.0246327,9.667848,0.83975875,2690675.5,4934.091,0.0,1032.437,794.546,1137.068,54.281,73.727,20.131,904.8656666666667,50.54,874.789,1244.118,697.3979999999999,2122.201,627.2090000000001,9.2,109.97
2024-12-01,1318.917,16.222,3.8910756,8.576675,0.7836908,1704224.6,4934.091,0.0,887.614,1032.437,1537.47,23.612,54.281,10.196,1079.656,31.371666666666666,874.789,1244.118,697.3979999999999,2122.201,627.2090000000001,9.2,109.97
