Date,Wind_GWh,Wind_GWh_Lag1,Wind_GWh_Lag2,Wind_GWh_Lag12,Wind_GWh_RollingMean3,Wind_Speed_10m,Temperature_Celsius,Cloud_Cover,Wind_Capacity_MW,Wind_GWh_Lag3,Wind_GWh_Lag6,Wind_GWh_Lag24,RollingMean_6,RollingMean_12
2013-01-01,449.088,462.775,360.524,537.091,424.129,3.543368,6.620413,0.80017996,1748.89,271.708,220.825,274.802,319.9501666666667,333.2849166666667
2013-01-02,397.565,449.088,462.775,372.643,436.476,0.9329542,5.804914,0.7220524,1763.707,360.524,293.377,354.989,357.99399999999997,325.95133333333337
2013-01-03,431.606,397.565,449.088,308.961,426.0863333,4.2579474,4.564141,0.765397,1771.987,462.775,310.492,205.538,375.3586666666667,328.02816666666666
2013-01-04,445.619,431.606,397.565,362.392,424.93,1.5346823,7.3844743,0.6504884,1786.137,449.088,271.708,245.734,395.5443333333333,338.24858333333333
2013-01-05,433.881,445.619,431.606,258.475,437.0353333,3.0844324,9.846056,0.72600996,1805.137,397.565,360.524,542.454,424.5294999999999,345.18416666666667
2013-01-06,247.352,433.881,445.619,240.156,375.6173333,1.7690905,13.111051,0.72063583,1805.137,431.606,462.775,242.292,436.7556666666667,359.80133333333333
2013-01-07,140.312,247.352,433.881,220.825,273.8483333,1.5082012,16.678295,0.6514094,1818.087,445.619,449.088,184.921,400.85183333333333,360.401
2013-01-08,261.029,140.312,247.352,293.377,216.231,3.5183,15.311791,0.7752144,1818.087,433.881,397.565,190.237,349.38916666666665,353.6915833333333
2013-01-09,312.105,261.029,140.312,310.492,237.8153333,1.7884411,13.712334,0.80533254,1875.287,247.352,431.606,483.044,326.6331666666667,350.9959166666667
2013-01-10,417.989,312.105,261.029,271.708,330.3743333,2.345762,12.468028,0.75754476,1880.287,140.312,445.619,450.738,306.71633333333335,351.13033333333334
2013-01-11,335.976,417.989,312.105,360.524,355.3566667,3.7802985,8.038032,0.7229766,1885.397,261.029,433.881,546.286,302.11133333333333,363.3204166666667
2013-01-12,657.156,335.976,417.989,462.775,470.3736667,6.730916,7.9469194,0.7903367,1924.397,312.105,247.352,649.314,285.79383333333334,361.27475
2014-01-01,578.928,657.156,335.976,449.088,524.02,5.00765,6.7187653,0.7255262,1970.347,417.989,140.312,537.091,354.0945,377.47316666666666
2014-01-02,619.469,578.928,657.156,397.565,618.5176667,5.695215,6.313387,0.7675354,2028.247,335.976,261.029,372.643,427.19716666666665,388.29316666666665
2014-01-03,483.024,619.469,578.928,431.606,560.4736667,2.6600308,7.316123,0.7528852,2043.237,657.156,312.105,308.961,486.93716666666666,406.7851666666666
2014-01-04,363.801,483.024,619.469,445.619,488.7646667,1.6400453,9.712059,0.71174294,2043.237,578.928,417.989,362.392,515.4236666666667,411.07
2014-01-05,353.64,363.801,483.024,433.881,400.155,1.6852248,11.158405,0.78084403,2081.537,619.469,335.976,258.475,506.3923333333334,404.2518333333333
2014-01-06,201.353,353.64,363.801,247.352,306.2646667,0.6728634,14.04005,0.71570605,2081.837,483.024,657.156,240.156,509.33633333333336,397.56508333333335
2014-01-07,233.675,201.353,353.64,140.312,262.8893333,2.3360982,15.927581,0.74664915,2152.937,363.801,578.928,220.825,433.3691666666667,393.7318333333333
2014-01-08,406.588,233.675,201.353,261.029,280.5386667,2.8635595,14.260562,0.6723016,2164.937,353.64,619.469,293.377,375.827,401.51208333333335
2014-01-09,183.019,406.588,233.675,312.105,274.4273333,0.88188875,14.524881,0.72862387,2176.957,201.353,483.024,310.492,340.34683333333334,413.642
2014-01-10,564.285,183.019,406.588,417.989,384.6306667,4.0648484,12.030632,0.75199014,2213.957,233.675,363.801,271.708,290.346,402.88483333333335
2014-01-11,424.801,564.285,183.019,335.976,390.7016667,2.0673397,9.164361,0.72298145,2228.957,406.588,353.64,360.524,323.76,415.07616666666667
2014-01-12,703.134,424.801,564.285,657.156,564.0733333,5.6008925,7.182816,0.7588282,2267.557,183.019,201.353,462.775,335.62016666666665,422.47824999999995
2015-01-01,784.501,703.134,424.801,578.928,637.4786667,5.8885493,6.157028,0.7456401,2267.557,564.285,233.675,449.088,419.25033333333334,426.30975000000007
2015-01-02,483.219,784.501,703.134,619.469,656.9513333,3.1354797,5.683657,0.71545357,2267.557,424.801,406.588,397.565,511.0546666666667,443.44083333333333
2015-01-03,593.505,483.219,784.501,483.024,620.4083333,3.7228036,6.7376738,0.66951907,2267.557,703.134,183.019,431.606,523.8265,432.08666666666664
2015-01-04,377.211,593.505,483.219,363.801,484.645,1.0058154,8.551625,0.55870086,2267.557,784.501,564.285,445.619,592.2408333333333,441.29341666666664
2015-01-05,589.143,377.211,593.505,353.64,519.953,3.1228054,9.835991,0.7751505,2322.457,483.219,424.801,433.881,561.0618333333333,442.4109166666667
2015-01-06,400.947,589.143,377.211,201.353,455.767,2.5432048,12.595967,0.7230571,2353.557,593.505,703.134,247.352,588.4521666666666,462.0361666666667
2015-01-07,489.949,400.947,589.143,233.675,493.3463333,2.8032968,13.8078165,0.7479927,2371.557,377.211,784.501,140.312,538.0876666666667,478.66900000000004
2015-01-08,368.369,489.949,400.947,406.588,419.755,3.47539,13.984968,0.7191048,2371.607,589.143,483.219,261.029,488.99566666666664,500.0251666666666
2015-01-09,381.609,368.369,489.949,183.019,413.309,0.7030349,12.743816,0.70059,2398.457,400.947,593.505,312.105,469.85400000000004,496.84024999999997
2015-01-10,388.36,381.609,368.369,564.285,379.446,2.0241516,11.514589,0.74826115,2422.457,489.949,377.211,417.989,434.538,513.3894166666666
2015-01-11,752.462,388.36,381.609,424.801,507.477,5.450531,10.018782,0.78159964,2427.457,368.369,589.143,335.976,436.39616666666666,498.729
2015-01-12,927.38,752.462,388.36,703.134,689.4006667,6.4980316,9.192878,0.8328035,2447.457,381.609,400.947,657.156,463.616,526.0340833333333
2016-01-01,777.966,927.38,752.462,784.501,819.2693333,3.7066247,7.0987625,0.8069582,2457.457,388.36,489.949,578.928,551.3548333333333,544.7212499999999
2016-01-02,639.368,777.966,927.38,483.219,781.5713333,3.7011807,5.904029,0.7483515,2467.457,752.462,368.369,619.469,599.3576666666667,544.1766666666666
2016-01-03,521.565,639.368,777.966,593.505,646.2996667,2.0320942,6.8562217,0.6933287,2467.457,927.38,381.609,483.024,644.5241666666667,557.1890833333333
2016-01-04,472.091,521.565,639.368,377.211,544.3413333,1.8751922,7.4608335,0.670124,2480.457,777.966,388.36,363.801,667.8501666666666,551.1940833333333
2016-01-05,351.625,472.091,521.565,589.143,448.427,0.45977038,11.54202,0.6263312,2480.457,639.368,752.462,353.64,681.8053333333334,559.10075
2016-01-06,312.112,351.625,472.091,400.947,378.6093333,1.6990763,14.133928,0.7403405,2491.157,521.565,927.38,201.353,614.9991666666667,539.3075833333334
2016-01-07,348.549,312.112,351.625,489.949,337.4286667,3.639187,14.729363,0.77314854,2491.157,472.091,777.966,233.675,512.4545,531.9046666666667
2016-01-08,502.521,348.549,312.112,368.369,387.7273333,3.0762098,15.27925,0.7515339,2526.357,351.625,639.368,406.588,440.88500000000005,520.1213333333334
2016-01-09,535.781,502.521,348.549,381.609,462.2836667,4.3300815,14.292585,0.80537033,2548.456,312.112,521.565,183.019,418.0771666666667,531.3006666666666
2016-01-10,446.08,535.781,502.521,388.36,494.794,2.3401206,11.534855,0.7048417,2620.816,348.549,472.091,564.285,420.4465,544.1483333333333
2016-01-11,504.521,446.08,535.781,752.462,495.4606667,2.483482,7.520602,0.660551,2659.516,502.521,351.625,424.801,416.11133333333333,548.9583333333334
2016-01-12,702.76,504.521,446.08,927.38,551.1203333,4.2959485,8.5515585,0.78495425,2795.106,535.781,312.112,703.134,441.59400000000005,528.2965833333334
2017-01-01,701.085,702.76,504.521,777.966,636.122,2.370416,7.335038,0.74449813,2799.706,446.08,348.549,784.501,506.702,509.57825
2017-01-02,847.725,701.085,702.76,639.368,750.5233333,2.8888474,7.2662454,0.7950778,2845.205,504.521,502.521,483.219,565.458,503.1715000000001
2017-01-03,774.325,847.725,701.085,521.565,774.3783333,2.7507346,8.353806,0.7655313,2860.004,702.76,535.781,593.505,622.992,520.5345833333333
2017-01-04,447.909,774.325,847.725,472.091,689.9863333,2.1854348,9.061004,0.75490683,2865.154,701.085,446.08,377.211,662.7493333333333,541.5979166666667
2017-01-05,467.566,447.909,774.325,351.625,563.2666667,1.4450159,12.01766,0.61547464,2926.954,847.725,504.521,589.143,663.0541666666667,539.58275
2017-01-06,578.961,467.566,447.909,312.112,498.1453333,3.1712492,13.612122,0.7949115,3018.284,774.325,702.76,400.947,656.8950000000001,549.2445
2017-01-07,436.831,578.961,467.566,348.549,494.4526667,2.8185115,14.6015215,0.7432214,3065.684,447.909,701.085,489.949,636.2618333333334,571.4819166666667
2017-01-08,442.087,436.831,578.961,502.521,485.9596667,3.4167042,14.437585,0.72187066,3085.404,467.566,847.725,368.369,592.2195,578.83875
2017-01-09,577.936,442.087,436.831,535.781,485.618,2.906955,13.116413,0.73920834,3096.904,578.961,774.325,381.609,524.6131666666666,573.8025833333334
2017-01-10,710.952,577.936,442.087,446.08,576.9916667,4.2165737,12.285878,0.851452,3110.482,436.831,447.909,388.36,491.88166666666666,577.3155
2017-01-11,614.283,710.952,577.936,504.521,634.3903333,3.9968371,8.523708,0.74502766,3172.107,442.087,467.566,752.462,535.7221666666668,599.3881666666667
2017-01-12,807.98,614.283,710.952,702.76,711.0716667,3.9087112,7.2088995,0.7847596,3302.774,577.936,578.961,927.38,560.1750000000001,608.535
2018-01-01,1104.542,807.98,614.283,701.085,842.2683333,4.5729246,6.70155,0.78629124,3334.524,710.952,436.831,777.966,598.3448333333333,617.3033333333333
2018-01-02,783.931,1104.542,807.98,847.725,898.8176667,1.7609876,4.972866,0.6355254,3376.514,614.283,442.087,639.368,709.6300000000001,650.92475
2018-01-03,748.129,783.931,1104.542,774.325,878.8673333,1.5110927,5.4029655,0.7434783,3416.114,807.98,577.936,521.565,766.6039999999999,645.6085833333333
2018-01-04,704.743,748.129,783.931,447.909,745.601,1.9606977,8.508231,0.7389851,3428.664,1104.542,710.952,472.091,794.9695,643.4255833333334
2018-01-05,500.298,704.743,748.129,467.566,651.0566667,1.2822381,11.632415,0.69869906,3428.664,783.931,614.283,351.625,793.9346666666667,664.8284166666666
2018-01-06,315.223,500.298,704.743,578.961,506.7546667,0.95563155,14.910581,0.64305204,3446.844,748.129,807.98,312.112,774.9371666666667,667.5560833333334
2018-01-07,336.498,315.223,500.298,436.831,384.0063333,1.6739211,16.082878,0.69950664,3456.294,704.743,1104.542,348.549,692.811,645.5779166666667
2018-01-08,546.547,336.498,315.223,442.087,399.4226667,3.7903275,14.932595,0.8039772,3495.094,500.298,783.931,502.521,564.8036666666667,637.2168333333333
2018-01-09,643.736,546.547,336.498,577.936,508.927,3.6861641,12.855907,0.77684367,3517.143,315.223,748.129,535.781,525.2396666666667,645.9218333333333
2018-01-10,725.032,643.736,546.547,710.952,638.4383333,2.531073,10.805706,0.7382324,3604.143,336.498,704.743,446.08,507.84083333333336,651.4051666666668
2018-01-11,1023.995,725.032,643.736,614.283,797.5876667,4.0069466,9.173437,0.71156025,3609.143,546.547,500.298,504.521,511.2223333333333,652.5785000000001
2018-01-12,1167.327,1023.995,725.032,807.98,972.118,4.2653756,8.960694,0.8592541,3667.538,643.736,315.223,702.76,598.5051666666667,686.7211666666667
2019-01-01,791.284,1167.327,1023.995,1104.542,994.202,3.1588693,7.131699,0.8209726,3683.238,725.032,336.498,701.085,740.5225,716.66675
2019-01-02,1160.71,791.284,1167.327,783.931,1039.773667,4.953312,8.4296465,0.76303655,3683.238,1023.995,546.547,847.725,816.3201666666668,690.5619166666667
2019-01-03,970.673,1160.71,791.284,748.129,974.2223333,4.8646865,7.8306403,0.7823724,3701.238,1167.327,643.736,774.325,918.6806666666668,721.9601666666667
2019-01-04,789.531,970.673,1160.71,704.743,973.638,2.4487176,9.139821,0.77395666,3703.876,791.284,725.032,447.909,973.1701666666668,740.5055000000001
2019-01-05,546.275,789.531,970.673,500.298,768.8263333,0.95580566,10.803613,0.74278504,3730.326,1160.71,1023.995,467.566,983.9200000000001,747.5711666666667
2019-01-06,622.842,546.275,789.531,315.223,652.8826667,1.140962,12.661281,0.68009543,3738.825,970.673,1167.327,578.961,904.3000000000001,751.4025833333334
2019-01-07,492.446,622.842,546.275,336.498,553.8543333,2.02719,15.6333065,0.7788421,3738.825,789.531,791.284,436.831,813.5525000000001,777.0375
2019-01-08,799.443,492.446,622.842,546.547,638.2436667,3.6596327,15.310919,0.7410873,3776.785,546.275,1160.71,442.087,763.7461666666667,790.0331666666667
2019-01-09,778.572,799.443,492.446,643.736,690.1536667,2.6363382,13.938366,0.69455993,3901.765,622.842,970.673,577.936,703.535,811.1078333333334
2019-01-10,949.999,778.572,799.443,725.032,842.6713333,1.8625311,10.639424,0.71479,3961.604,492.446,789.531,710.952,671.5181666666667,822.3441666666668
2019-01-11,897.874,949.999,778.572,1023.995,875.4816667,1.7507622,7.862344,0.7517324,4012.104,799.443,546.275,614.283,698.2628333333333,841.0914166666666
2019-01-12,1167.824,897.874,949.999,1167.327,1005.232333,4.5232487,7.623553,0.7401472,4113.293,778.572,622.842,807.98,756.8626666666668,830.5813333333334
2020-01-01,1175.731,1167.824,897.874,791.284,1080.476333,5.692311,7.4333186,0.78177667,4149.792,949.999,492.446,1104.542,847.6930000000001,830.62275
2020-01-02,1498.179,1175.731,1167.824,1160.71,1280.578,7.181998,6.6690283,0.7699373,4187.292,897.874,799.443,783.931,961.5738333333334,862.66
2020-01-03,1162.977,1498.179,1175.731,970.673,1278.962333,2.432578,6.910475,0.6940014,4213.441,1167.824,778.572,748.129,1078.0298333333333,890.7824166666666
2020-01-04,574.227,1162.977,1498.179,789.531,1078.461,1.0532539,9.516226,0.6520891,4247.041,1175.731,949.999,704.743,1142.0973333333334,906.80775
2020-01-05,767.836,574.227,1162.977,546.275,835.0133333,1.1233821,11.567009,0.6797887,4247.041,1498.179,897.874,500.298,1079.4686666666666,888.8657499999999
2020-01-06,725.201,767.836,574.227,622.842,689.088,1.8782046,13.194367,0.8153154,4247.041,1162.977,1167.824,315.223,1057.7956666666666,907.3291666666668
2020-01-07,761.876,725.201,767.836,492.446,751.6376667,3.418968,14.007636,0.80353194,4247.041,574.227,1175.731,336.498,984.0251666666667,915.8590833333333
2020-01-08,629.406,761.876,725.201,799.443,705.4943333,1.2007749,15.331411,0.76499873,4247.041,767.836,1498.179,546.547,915.0493333333334,938.3115833333333
2020-01-09,755.488,629.406,761.876,778.572,715.59,2.4851885,13.6747265,0.7192487,4247.041,725.201,1162.977,643.736,770.2538333333333,924.1418333333332
2020-01-10,1136.627,755.488,629.406,949.999,840.507,2.7010634,10.711387,0.70896155,4278.391,761.876,574.227,725.032,702.339,922.2181666666667
2020-01-11,1060.059,1136.627,755.488,897.874,984.058,3.9123828,9.563896,0.78481007,4278.391,629.406,767.836,1023.995,796.0723333333332,937.7705
2020-01-12,1248.375,1060.059,1136.627,1167.824,1148.353667,3.0980177,6.7964306,0.74099493,4323.391,755.488,725.201,1167.327,844.7761666666667,951.2859166666667
2021-01-01,951.243,1248.375,1060.059,1175.731,1086.559,1.6950401,5.5741735,0.72927266,4332.691,1136.627,761.876,791.284,931.9718333333334,957.9985
2021-01-02,1348.293,951.243,1248.375,1498.179,1182.637,4.641557,6.720914,0.7760328,4332.691,1060.059,629.406,1160.71,963.5329999999999,939.2911666666668
2021-01-03,962.325,1348.293,951.243,1162.977,1087.287,3.3615375,7.746933,0.80573136,4332.691,1248.375,755.488,970.673,1083.3474999999999,926.8006666666666
2021-01-04,641.598,962.325,1348.293,574.227,984.072,1.2520727,7.8422894,0.56305015,4332.811,951.243,1136.627,789.531,1117.8203333333333,910.0796666666665
2021-01-05,745.216,641.598,962.325,767.836,783.0463333,1.4888191,9.726217,0.65080404,4332.811,1348.293,1060.059,546.275,1035.3155,915.6939166666666
2021-01-06,587.373,745.216,641.598,725.201,658.0623333,1.1602193,13.243694,0.78278726,4332.811,962.325,1248.375,622.842,982.8416666666666,913.8089166666665
2021-01-07,296.283,587.373,745.216,761.876,542.9573333,1.0993071,16.130602,0.7222974,4332.811,641.598,951.243,492.446,872.6746666666667,902.3232499999999
2021-01-08,547.06,296.283,587.373,629.406,476.9053333,1.399736,15.290002,0.752724,4332.811,745.216,1348.293,799.443,763.5146666666666,863.5238333333333
2021-01-09,520.881,547.06,296.283,755.488,454.7413333,1.9989759,15.014957,0.80015755,4332.811,587.373,962.325,778.572,629.9758333333333,856.6616666666667
2021-01-10,956.485,520.881,547.06,1136.627,674.8086667,4.104782,12.323149,0.80927616,4332.811,296.283,641.598,949.999,556.4018333333332,837.1110833333332
2021-01-11,936.019,956.485,520.881,1060.059,804.4616667,3.7885647,9.570084,0.76607424,4332.811,547.06,745.216,897.874,608.883,822.0992499999999
2021-01-12,1225.576,936.019,956.485,1248.375,1039.36,2.5414236,8.336743,0.8230989,4332.811,520.881,587.373,1167.824,640.6835,811.7625833333333
2022-01-01,995.264,1225.576,936.019,951.243,1052.286333,3.840677,7.4969196,0.7249272,4332.811,956.485,296.283,1175.731,747.0506666666666,809.8626666666665
2022-01-02,1513.214,995.264,1225.576,1348.293,1244.684667,6.919896,7.74078,0.7882582,4343.741,936.019,547.06,1498.179,863.5475000000001,813.5310833333333
2022-01-03,932.523,1513.214,995.264,962.325,1147.000333,2.2767649,7.784261,0.52561355,4343.741,1225.576,520.881,1162.977,1024.5731666666668,827.2745
2022-01-04,839.06,932.523,1513.214,641.598,1094.932333,0.5022818,9.08831,0.68836004,4344.241,995.264,956.485,574.227,1093.1801666666665,824.791
2022-01-05,854.119,839.06,932.523,745.216,875.234,3.2270675,11.915799,0.74791116,4344.241,1513.214,936.019,767.836,1073.6093333333333,841.2461666666667
2022-01-06,725.555,854.119,839.06,587.373,806.2446667,2.5425527,13.3519335,0.7365742,4344.241,932.523,1225.576,725.201,1059.9593333333332,850.3214166666667
2022-01-07,520.754,725.555,854.119,296.283,700.1426667,2.284485,15.516557,0.8263424,4367.301,839.06,995.264,761.876,976.6225,861.8365833333334
2022-01-08,509.108,520.754,725.555,547.06,585.139,1.703583,16.02444,0.64353806,4367.301,854.119,1513.214,629.406,897.5374999999999,880.5424999999999
2022-01-09,643.172,509.108,520.754,520.881,557.678,1.0805953,14.172923,0.7557633,4397.301,725.555,932.523,755.488,730.1864999999999,877.3798333333333
2022-01-10,1250.767,643.172,509.108,956.485,801.0156667,4.1950736,12.745035,0.7666021,4427.301,520.754,839.06,1136.627,681.9613333333333,887.57075
2022-01-11,1334.786,1250.767,643.172,936.019,1076.241667,5.466969,10.0863905,0.75596964,4467.901,509.108,854.119,1060.059,750.5791666666668,912.09425
2022-01-12,1029.827,1334.786,1250.767,1225.576,1205.126667,1.6131024,6.0883946,0.6681189,4527.901,643.172,725.555,1248.375,830.6903333333333,945.3248333333332
2023-01-01,1211.068,1029.827,1334.786,995.264,1191.893667,4.668418,7.1786823,0.7835365,4556.901,1250.767,520.754,951.243,881.4023333333333,929.0124166666668
2023-01-02,1105.607,1211.068,1029.827,1513.214,1115.500667,3.141634,8.209258,0.79857236,4570.701,1334.786,509.108,1348.293,996.4546666666666,946.9960833333333
2023-01-03,1122.606,1105.607,1211.068,932.523,1146.427,1.8999022,7.538489,0.8026962,4570.701,1029.827,643.172,962.325,1095.8711666666666,913.0288333333333
2023-01-04,933.626,1122.606,1105.607,839.06,1053.946333,1.4211257,9.298922,0.7090606,4588.701,1211.068,1250.767,641.598,1175.7768333333333,928.8690833333334
2023-01-05,564.269,933.626,1122.606,854.119,873.5003333,0.95691055,12.22305,0.6966722,4588.701,1105.607,1334.786,745.216,1122.92,936.7495833333334
2023-01-06,538.073,564.269,933.626,725.555,678.656,1.175437,15.941837,0.60833657,4638.901,1122.606,1029.827,587.373,994.5005000000001,912.5954166666667
2023-01-07,877.184,538.073,564.269,520.754,659.842,3.5401566,14.779753,0.7614344,4666.301,933.626,1211.068,296.283,912.5414999999999,896.9719166666667
2023-01-08,887.967,877.184,538.073,509.108,767.7413333,2.3035195,15.340735,0.73130965,4700.701,564.269,1105.607,547.06,856.8941666666666,926.6744166666666
2023-01-09,853.168,887.967,877.184,643.172,872.773,2.1854262,15.062298,0.70384854,4713.601,538.073,1122.606,520.881,820.6208333333334,958.2460000000001
2023-01-10,837.014,853.168,887.967,1250.767,859.383,1.9013935,12.156175,0.8212453,4713.601,877.184,933.626,956.485,775.7145,975.7456666666667
2023-01-11,1137.068,837.014,853.168,1334.786,942.4166667,3.0257845,9.126877,0.71279585,4713.601,887.967,564.269,936.019,759.6125000000001,941.26625
2023-01-12,1537.47,1137.068,837.014,1029.827,1170.517333,4.7240267,8.610866,0.79957813,4731.391,853.168,538.073,1225.576,855.0790000000001,924.78975
2024-01-01,1141.615,1537.47,1137.068,1211.068,1272.051,2.6529243,6.3108726,0.67046,4731.391,837.014,877.184,995.264,1021.6451666666667,967.0933333333332
2024-01-02,1197.359,1141.615,1537.47,1105.607,1292.148,3.7877448,8.143121,0.8435049,4747.291,1137.068,887.967,1513.214,1065.7169999999999,961.3055833333333
2024-01-03,1330.54,1197.359,1141.615,1122.606,1223.171333,1.8556459,7.924066,0.77810967,4768.891,1537.47,853.168,932.523,1117.2823333333333,968.9515833333334
2024-01-04,928.997,1330.54,1197.359,933.626,1152.298667,2.0350413,9.290166,0.7354762,4768.891,1141.615,837.014,839.06,1196.8443333333332,986.2794166666666
2024-01-05,560.063,928.997,1330.54,564.269,939.8666667,0.8489122,12.366132,0.7400812,4768.891,1197.359,1137.068,854.119,1212.1748333333333,985.8936666666667
2024-01-06,640.203,560.063,928.997,538.073,709.7543333,3.124601,12.811061,0.73188317,4809.891,1330.54,1537.47,725.555,1116.0073333333332,985.5431666666667
2024-01-07,587.208,640.203,560.063,877.184,595.8246667,2.1052315,14.305027,0.78863937,4809.891,928.997,1141.615,520.754,966.4628333333334,994.054
2024-01-08,947.575,587.208,640.203,887.967,724.9953333,5.0504804,15.043768,0.7026336,4838.091,560.063,1197.359,509.108,874.0616666666666,969.8893333333334
2024-01-09,794.546,947.575,587.208,853.168,776.443,1.9802207,13.350514,0.6683965,4852.591,640.203,1330.54,643.172,832.431,974.8566666666666
2024-01-10,1032.437,794.546,947.575,837.014,924.8526667,2.5294552,12.030245,0.7300662,4934.091,587.208,928.997,1250.767,743.0986666666666,969.9715
2024-01-11,887.614,1032.437,794.546,1137.068,904.8656667,2.0246327,9.667848,0.83975875,4934.091,947.575,560.063,1334.786,760.3386666666667,986.25675
2024-01-12,1318.917,887.614,1032.437,1537.47,1079.656,3.8910756,8.576675,0.7836908,4934.091,794.546,640.203,1029.827,814.9305,965.4689166666667
