Date,Wind_GWh,Solar_GWh,Wind_Speed_10m,Temperature_Celsius,Cloud_Cover,Solar_Radiation_MJ_per_m2,Wind_Capacity_MW,Solar_Capacity_MW,East_Solar_DSO_MW,East_Solar_TSO_MW,East_Wind_DSO_MW,East_Wind_TSO_MW,North_Wind_DSO_MW,North_Wind_TSO_MW,South_Solar_DSO_MW,South_Solar_TSO_MW,South_Wind_DSO_MW,South_Wind_TSO_MW,West_Solar_DSO_MW,West_Wind_DSO_MW,West_Wind_TSO_MW,Wind_GWh_Lag1,Wind_GWh_Lag2,Wind_GWh_Lag12,Solar_GWh_Lag1,Solar_GWh_Lag2,Solar_GWh_Lag12,Wind_GWh_RollingMean3,Solar_GWh_RollingMean3
01-01-2022,995.264,0,3.840677,7.4969196,0.7249272,2749098.2,4332.811,187.9,106.609,520.6,349.389,525.4,340.498,356.9,22.97,87,1093.551,1028.65,9.2,441.118,803,951.243,1175.731,248.002,0,0,0,972.7526667,0
01-01-2023,1211.068,3.514,4.668418,7.1786823,0.7835365,2587361.2,4556.901,445.2,106.609,520.6,349.389,525.4,340.498,356.9,22.97,87,1093.551,1028.65,9.2,441.118,803,995.264,951.243,274.802,0,0,0,1040.746,0
01-01-2024,1141.615,16.93,2.6529243,6.3108726,0.67046,2713160.5,4731.391,0,106.609,520.6,349.389,525.4,340.498,356.9,22.97,87,1093.551,1028.65,9.2,441.118,803,1211.068,995.264,537.091,3.514,0,0,1052.525,1.171333333
01-02-2010,150.952,0,1.1544578,4.126316,0.69422,5765193,1286.107,0.6,106.609,520.6,349.389,525.4,340.498,356.9,22.97,87,1093.551,1028.65,9.2,441.118,803,1141.615,1211.068,449.088,16.93,3.514,0,1115.982333,6.814666667
01-02-2011,354.989,0,4.150639,7.4958653,0.7708915,4892891,1448.178,0.7,106.609,520.6,349.389,525.4,340.498,356.9,22.97,87,1093.551,1028.65,9.2,441.118,803,150.952,1141.615,578.928,0,16.93,0,834.545,6.814666667
01-02-2012,372.643,0,3.3854454,7.6769295,0.8937073,3843176,1620.998,0.7,106.609,520.6,349.389,525.4,340.498,356.9,22.97,87,1093.551,1028.65,9.2,441.118,803,354.989,150.952,784.501,0,0,0,549.1853333,5.643333333
01-02-2013,397.565,0,0.9329542,5.804914,0.7220524,5428007,1763.707,1,106.609,520.6,349.389,525.4,340.498,356.9,22.97,87,1093.551,1028.65,9.2,441.118,803,372.643,354.989,777.966,0,0,0,292.8613333,0
01-02-2014,619.469,0,5.695215,6.313387,0.7675354,5303653,2028.247,1.1,106.609,520.6,349.389,525.4,340.498,356.9,22.97,87,1093.551,1028.65,9.2,441.118,803,397.565,372.643,701.085,0,0,0,375.0656667,0
01-02-2015,483.219,0,3.1354797,5.683657,0.71545357,5292052,2267.557,2.1,106.609,520.6,349.389,525.4,340.498,356.9,22.97,87,1093.551,1028.65,9.2,441.118,803,619.469,397.565,1104.542,0,0,0,463.2256667,0
01-02-2016,639.368,0,3.7011807,5.904029,0.7483515,4933054,2467.457,5.1,106.609,520.6,349.389,525.4,340.498,356.9,22.97,87,1093.551,1028.65,9.2,441.118,803,483.219,619.469,791.284,0,0,0,500.0843333,0
01-02-2017,847.725,0,2.8888474,7.2662454,0.7950778,4468649.5,2845.205,15.7,106.609,520.6,349.389,525.4,340.498,356.9,22.97,87,1093.551,1028.65,9.2,441.118,803,639.368,483.219,1175.731,0,0,0,580.6853333,0
01-02-2018,783.931,0,1.7609876,4.972866,0.6355254,5856177,3376.514,29,106.609,520.6,349.389,525.4,340.498,356.9,22.97,87,1093.551,1028.65,9.2,441.118,803,847.725,639.368,951.243,0,0,0,656.7706667,0
01-02-2019,1160.71,0,4.953312,8.4296465,0.76303655,5319570,3683.238,36,106.609,520.6,349.389,525.4,340.498,356.9,22.97,87,1093.551,1028.65,9.2,441.118,803,783.931,847.725,995.264,0,0,0,757.008,0
01-02-2020,1498.179,0,7.181998,6.6690283,0.7699373,5218642.5,4187.292,89.9,106.609,520.6,349.389,525.4,340.498,356.9,22.97,87,1093.551,1028.65,9.2,441.118,803,1160.71,783.931,1211.068,0,0,3.514,930.7886667,0
01-02-2021,1348.293,0,4.641557,6.720914,0.7760328,4835861,4332.691,92.4,106.609,520.6,349.389,525.4,340.498,356.9,22.97,87,1093.551,1028.65,9.2,441.118,803,1498.179,1160.71,1141.615,0,0,16.93,1147.606667,0
01-02-2022,1513.214,0,6.919896,7.74078,0.7882582,5012300.5,4343.741,187.9,106.609,520.6,349.389,525.4,340.498,356.9,22.97,87,1093.551,1028.65,9.2,441.118,803,1348.293,1498.179,150.952,0,0,0,1335.727333,0
01-02-2023,1105.607,9.194,3.141634,8.209258,0.79857236,4910852.5,4570.701,445.2,106.609,520.6,349.389,525.4,340.498,356.9,22.97,87,1093.551,1028.65,9.2,441.118,803,1513.214,1348.293,354.989,0,0,0,1453.228667,0
01-02-2024,1197.359,19.941,3.7877448,8.143121,0.8435049,4521177,4747.291,0,106.609,520.6,349.389,525.4,340.498,356.9,22.97,87,1093.551,1028.65,9.2,441.118,803,1105.607,1513.214,372.643,9.194,0,0,1322.371333,3.064666667
01-03-2010,251.394,0,0.872089,6.32746,0.65399486,10048856,1303.657,0.6,106.609,520.6,349.389,525.4,340.498,356.9,22.97,87,1093.551,1028.65,9.2,441.118,803,1197.359,1105.607,397.565,19.941,9.194,0,1272.06,9.711666667
01-03-2011,205.538,0,1.3151177,7.115686,0.6544995,10031971,1453.278,0.7,106.609,520.6,349.389,525.4,340.498,356.9,22.97,87,1093.551,1028.65,9.2,441.118,803,251.394,1197.359,619.469,0,19.941,0,851.4533333,9.711666667
01-03-2012,308.961,0,2.2784219,8.88237,0.67741615,10396377,1620.998,0.7,106.609,520.6,349.389,525.4,340.498,356.9,22.97,87,1093.551,1028.65,9.2,441.118,803,205.538,251.394,483.219,0,0,0,551.4303333,6.647
01-03-2013,431.606,0,4.2579474,4.564141,0.765397,9107997,1771.987,1,106.609,520.6,349.389,525.4,340.498,356.9,22.97,87,1093.551,1028.65,9.2,441.118,803,308.961,205.538,639.368,0,0,0,255.2976667,0
01-03-2014,483.024,0,2.6600308,7.316123,0.7528852,9082857,2043.237,1.1,106.609,520.6,349.389,525.4,340.498,356.9,22.97,87,1093.551,1028.65,9.2,441.118,803,431.606,308.961,847.725,0,0,0,315.3683333,0
01-03-2015,593.505,0,3.7228036,6.7376738,0.66951907,9908271,2267.557,2.1,106.609,520.6,349.389,525.4,340.498,356.9,22.97,87,1093.551,1028.65,9.2,441.118,803,483.024,431.606,783.931,0,0,0,407.8636667,0
01-03-2016,521.565,0,2.0320942,6.8562217,0.6933287,10043196,2467.457,5.1,106.609,520.6,349.389,525.4,340.498,356.9,22.97,87,1093.551,1028.65,9.2,441.118,803,593.505,483.024,1160.71,0,0,0,502.7116667,0
01-03-2017,774.325,0,2.7507346,8.353806,0.7655313,9347616,2860.004,15.7,106.609,520.6,349.389,525.4,340.498,356.9,22.97,87,1093.551,1028.65,9.2,441.118,803,521.565,593.505,1498.179,0,0,0,532.698,0
01-03-2018,748.129,0,1.5110927,5.4029655,0.7434783,9005598,3416.114,29,106.609,520.6,349.389,525.4,340.498,356.9,22.97,87,1093.551,1028.65,9.2,441.118,803,774.325,521.565,1348.293,0,0,0,629.7983333,0
01-03-2019,970.673,0,4.8646865,7.8306403,0.7823724,8609972,3701.238,36,106.609,520.6,349.389,525.4,340.498,356.9,22.97,87,1093.551,1028.65,9.2,441.118,803,748.129,774.325,1513.214,0,0,0,681.3396667,0
01-03-2020,1162.977,0,2.432578,6.910475,0.6940014,9519526,4213.441,89.9,106.609,520.6,349.389,525.4,340.498,356.9,22.97,87,1093.551,1028.65,9.2,441.118,803,970.673,748.129,1105.607,0,0,9.194,831.0423333,0
01-03-2021,962.325,0,3.3615375,7.746933,0.80573136,8573066,4332.691,92.4,106.609,520.6,349.389,525.4,340.498,356.9,22.97,87,1093.551,1028.65,9.2,441.118,803,1162.977,970.673,1197.359,0,0,19.941,960.593,0
01-03-2022,932.523,0,2.2767649,7.784261,0.52561355,11273184,4343.741,187.9,106.609,520.6,349.389,525.4,340.498,356.9,22.97,87,1093.551,1028.65,9.2,441.118,803,962.325,1162.977,251.394,0,0,0,1031.991667,0
01-03-2023,1122.606,15.481,1.8999022,7.538489,0.8026962,8070690.5,4570.701,445.2,106.609,520.6,349.389,525.4,340.498,356.9,22.97,87,1093.551,1028.65,9.2,441.118,803,932.523,962.325,205.538,0,0,0,1019.275,0
01-03-2024,1330.54,34.572,1.8556459,7.924066,0.77810967,8412219,4768.891,0,106.609,520.6,349.389,525.4,340.498,356.9,22.97,87,1093.551,1028.65,9.2,441.118,803,1122.606,932.523,308.961,15.481,0,0,1005.818,5.160333333
01-04-2010,186.269,0,1.2957245,8.733235,0.6744531,16062960,1313.647,0.6,106.609,520.6,349.389,525.4,340.498,356.9,22.97,87,1093.551,1028.65,9.2,441.118,803,1330.54,1122.606,431.606,34.572,15.481,0,1128.556333,16.68433333
01-04-2011,245.734,0,1.8218471,10.619301,0.6722466,15662278,1472.878,0.7,106.609,520.6,349.389,525.4,340.498,356.9,22.97,87,1093.551,1028.65,9.2,441.118,803,186.269,1330.54,483.024,0,34.572,0,879.805,16.68433333
01-04-2012,362.392,0,3.3823714,7.528766,0.6350731,15431789,1635.988,0.7,106.609,520.6,349.389,525.4,340.498,356.9,22.97,87,1093.551,1028.65,9.2,441.118,803,245.734,186.269,593.505,0,0,0,587.5143333,11.524
01-04-2013,445.619,0,1.5346823,7.3844743,0.6504884,15101368,1786.137,1,106.609,520.6,349.389,525.4,340.498,356.9,22.97,87,1093.551,1028.65,9.2,441.118,803,362.392,245.734,521.565,0,0,0,264.7983333,0
01-04-2014,363.801,0,1.6400453,9.712059,0.71174294,14964945,2043.237,1.1,106.609,520.6,349.389,525.4,340.498,356.9,22.97,87,1093.551,1028.65,9.2,441.118,803,445.619,362.392,774.325,0,0,0,351.2483333,0
01-04-2015,377.211,0,1.0058154,8.551625,0.55870086,16743562,2267.557,2.1,106.609,520.6,349.389,525.4,340.498,356.9,22.97,87,1093.551,1028.65,9.2,441.118,803,363.801,445.619,748.129,0,0,0,390.604,0
01-04-2016,472.091,0,1.8751922,7.4608335,0.670124,15041998,2480.457,5.1,106.609,520.6,349.389,525.4,340.498,356.9,22.97,87,1093.551,1028.65,9.2,441.118,803,377.211,363.801,970.673,0,0,0,395.5436667,0
01-04-2017,447.909,0,2.1854348,9.061004,0.75490683,13657910,2865.154,15.7,106.609,520.6,349.389,525.4,340.498,356.9,22.97,87,1093.551,1028.65,9.2,441.118,803,472.091,377.211,1162.977,0,0,0,404.3676667,0
01-04-2018,704.743,0,1.9606977,8.508231,0.7389851,13573177,3428.664,29,106.609,520.6,349.389,525.4,340.498,356.9,22.97,87,1093.551,1028.65,9.2,441.118,803,447.909,472.091,962.325,0,0,0,432.4036667,0
01-04-2019,789.531,0,2.4487176,9.139821,0.77395666,13983996,3703.876,36,106.609,520.6,349.389,525.4,340.498,356.9,22.97,87,1093.551,1028.65,9.2,441.118,803,704.743,447.909,932.523,0,0,0,541.581,0
01-04-2020,574.227,0,1.0532539,9.516226,0.6520891,16435995,4247.041,89.9,106.609,520.6,349.389,525.4,340.498,356.9,22.97,87,1093.551,1028.65,9.2,441.118,803,789.531,704.743,1122.606,0,0,15.481,647.3943333,0
01-04-2021,641.598,0,1.2520727,7.8422894,0.56305015,16751450,4332.811,92.4,106.609,520.6,349.389,525.4,340.498,356.9,22.97,87,1093.551,1028.65,9.2,441.118,803,574.227,789.531,1330.54,0,0,34.572,689.5003333,0
01-04-2022,839.06,0,0.5022818,9.08831,0.68836004,14450800,4344.241,187.9,106.609,520.6,349.389,525.4,340.498,356.9,22.97,87,1093.551,1028.65,9.2,441.118,803,641.598,574.227,186.269,0,0,0,668.452,0
01-04-2023,933.626,33.999,1.4211257,9.298922,0.7090606,13820624,4588.701,445.2,106.609,520.6,349.389,525.4,340.498,356.9,22.97,87,1093.551,1028.65,9.2,441.118,803,839.06,641.598,245.734,0,0,0,684.9616667,0
01-04-2024,928.997,65.365,2.0350413,9.290166,0.7354762,13807354,4768.891,0,106.609,520.6,349.389,525.4,340.498,356.9,22.97,87,1093.551,1028.65,9.2,441.118,803,933.626,839.06,362.392,33.999,0,0,804.7613333,11.333
01-05-2010,168.528,0,1.6492325,10.533146,0.6533258,18700240,1313.647,0.6,106.609,520.6,349.389,525.4,340.498,356.9,22.97,87,1093.551,1028.65,9.2,441.118,803,928.997,933.626,445.619,65.365,33.999,0,900.561,33.12133333
01-05-2011,542.454,0,4.198789,11.077496,0.7303525,17387700,1485.378,0.7,106.609,520.6,349.389,525.4,340.498,356.9,22.97,87,1093.551,1028.65,9.2,441.118,803,168.528,928.997,363.801,0,65.365,0,677.0503333,33.12133333
01-05-2012,258.475,0,0.87023926,10.735611,0.7081962,18175084,1635.988,0.7,106.609,520.6,349.389,525.4,340.498,356.9,22.97,87,1093.551,1028.65,9.2,441.118,803,542.454,168.528,377.211,0,0,0,546.6596667,21.78833333
01-05-2013,433.881,0,3.0844324,9.846056,0.72600996,17963048,1805.137,1,106.609,520.6,349.389,525.4,340.498,356.9,22.97,87,1093.551,1028.65,9.2,441.118,803,258.475,542.454,472.091,0,0,0,323.1523333,0
01-05-2014,353.64,0,1.6852248,11.158405,0.78084403,16473742,2081.537,1.1,106.609,520.6,349.389,525.4,340.498,356.9,22.97,87,1093.551,1028.65,9.2,441.118,803,433.881,258.475,447.909,0,0,0,411.6033333,0
01-05-2015,589.143,0,3.1228054,9.835991,0.7751505,16624864,2322.457,2.1,106.609,520.6,349.389,525.4,340.498,356.9,22.97,87,1093.551,1028.65,9.2,441.118,803,353.64,433.881,704.743,0,0,0,348.6653333,0
01-05-2016,351.625,0,0.45977038,11.54202,0.6263312,19167132,2480.457,5.1,106.609,520.6,349.389,525.4,340.498,356.9,22.97,87,1093.551,1028.65,9.2,441.118,803,589.143,353.64,789.531,0,0,0,458.888,0
01-05-2017,467.566,0,1.4450159,12.01766,0.61547464,19492472,2926.954,15.7,106.609,520.6,349.389,525.4,340.498,356.9,22.97,87,1093.551,1028.65,9.2,441.118,803,351.625,589.143,574.227,0,0,0,431.4693333,0
01-05-2018,500.298,0,1.2822381,11.632415,0.69869906,18056378,3428.664,29,106.609,520.6,349.389,525.4,340.498,356.9,22.97,87,1093.551,1028.65,9.2,441.118,803,467.566,351.625,641.598,0,0,0,469.4446667,0
01-05-2019,546.275,0,0.95580566,10.803613,0.74278504,18153450,3730.326,36,106.609,520.6,349.389,525.4,340.498,356.9,22.97,87,1093.551,1028.65,9.2,441.118,803,500.298,467.566,839.06,0,0,0,439.8296667,0
01-05-2020,767.836,0,1.1233821,11.567009,0.6797887,20409610,4247.041,89.9,106.609,520.6,349.389,525.4,340.498,356.9,22.97,87,1093.551,1028.65,9.2,441.118,803,546.275,500.298,933.626,0,0,33.999,504.713,0
01-05-2021,745.216,0,1.4888191,9.726217,0.65080404,19232630,4332.811,92.4,106.609,520.6,349.389,525.4,340.498,356.9,22.97,87,1093.551,1028.65,9.2,441.118,803,767.836,546.275,928.997,0,0,65.365,604.803,0
01-05-2022,854.119,0,3.2270675,11.915799,0.74791116,17655734,4344.241,187.9,106.609,520.6,349.389,525.4,340.498,356.9,22.97,87,1093.551,1028.65,9.2,441.118,803,745.216,767.836,168.528,0,0,0,686.4423333,0
01-05-2023,564.269,63.296,0.95691055,12.22305,0.6966722,19063764,4588.701,445.2,106.609,520.6,349.389,525.4,340.498,356.9,22.97,87,1093.551,1028.65,9.2,441.118,803,854.119,745.216,542.454,0,0,0,789.057,0
01-05-2024,560.063,94.089,0.8489122,12.366132,0.7400812,17416382,4768.891,0,106.609,520.6,349.389,525.4,340.498,356.9,22.97,87,1093.551,1028.65,9.2,441.118,803,564.269,854.119,258.475,63.296,0,0,721.2013333,21.09866667
01-06-2010,155.438,0,0.71755594,14.2299185,0.7032929,19980432,1393.697,0.6,106.609,520.6,349.389,525.4,340.498,356.9,22.97,87,1093.551,1028.65,9.2,441.118,803,560.063,564.269,433.881,94.089,63.296,0,659.4836667,52.46166667
01-06-2011,242.292,0,2.5661945,11.918293,0.685079,19358158,1511.378,0.7,106.609,520.6,349.389,525.4,340.498,356.9,22.97,87,1093.551,1028.65,9.2,441.118,803,155.438,560.063,353.64,0,94.089,0,426.59,52.46166667
01-06-2012,240.156,0,1.5529944,12.499234,0.82894427,16319786,1670.268,0.7,106.609,520.6,349.389,525.4,340.498,356.9,22.97,87,1093.551,1028.65,9.2,441.118,803,242.292,155.438,589.143,0,0,0,319.2643333,31.363
01-06-2013,247.352,0,1.7690905,13.111051,0.72063583,19111900,1805.137,1,106.609,520.6,349.389,525.4,340.498,356.9,22.97,87,1093.551,1028.65,9.2,441.118,803,240.156,242.292,351.625,0,0,0,212.6286667,0
01-06-2014,201.353,0,0.6728634,14.04005,0.71570605,19865360,2081.837,1.1,106.609,520.6,349.389,525.4,340.498,356.9,22.97,87,1093.551,1028.65,9.2,441.118,803,247.352,240.156,467.566,0,0,0,243.2666667,0
01-06-2015,400.947,0,2.5432048,12.595967,0.7230571,19856134,2353.557,2.1,106.609,520.6,349.389,525.4,340.498,356.9,22.97,87,1093.551,1028.65,9.2,441.118,803,201.353,247.352,500.298,0,0,0,229.6203333,0
01-06-2016,312.112,0,1.6990763,14.133928,0.7403405,18408882,2491.157,5.1,106.609,520.6,349.389,525.4,340.498,356.9,22.97,87,1093.551,1028.65,9.2,441.118,803,400.947,201.353,546.275,0,0,0,283.2173333,0
01-06-2017,578.961,0,3.1712492,13.612122,0.7949115,17387792,3018.284,15.7,106.609,520.6,349.389,525.4,340.498,356.9,22.97,87,1093.551,1028.65,9.2,441.118,803,312.112,400.947,767.836,0,0,0,304.804,0
01-06-2018,315.223,0,0.95563155,14.910581,0.64305204,21345514,3446.844,29,106.609,520.6,349.389,525.4,340.498,356.9,22.97,87,1093.551,1028.65,9.2,441.118,803,578.961,312.112,745.216,0,0,0,430.6733333,0
01-06-2019,622.842,0,1.140962,12.661281,0.68009543,19568142,3738.825,36,106.609,520.6,349.389,525.4,340.498,356.9,22.97,87,1093.551,1028.65,9.2,441.118,803,315.223,578.961,854.119,0,0,0,402.0986667,0
01-06-2020,725.201,0,1.8782046,13.194367,0.8153154,17053264,4247.041,89.9,106.609,520.6,349.389,525.4,340.498,356.9,22.97,87,1093.551,1028.65,9.2,441.118,803,622.842,315.223,564.269,0,0,63.296,505.6753333,0
01-06-2021,587.373,0,1.1602193,13.243694,0.78278726,18135260,4332.811,92.4,106.609,520.6,349.389,525.4,340.498,356.9,22.97,87,1093.551,1028.65,9.2,441.118,803,725.201,622.842,560.063,0,0,94.089,554.422,0
01-06-2022,725.555,0,2.5425527,13.3519335,0.7365742,18422058,4344.241,187.9,106.609,520.6,349.389,525.4,340.498,356.9,22.97,87,1093.551,1028.65,9.2,441.118,803,587.373,725.201,155.438,0,0,0,645.1386667,0
01-06-2023,538.073,63.954,1.175437,15.941837,0.60833657,21503196,4638.901,445.2,106.609,520.6,349.389,525.4,340.498,356.9,22.97,87,1093.551,1028.65,9.2,441.118,803,725.555,587.373,242.292,0,0,0,679.3763333,0
01-06-2024,640.203,101.188,3.124601,12.811061,0.73188317,18564728,4809.891,0,106.609,520.6,349.389,525.4,340.498,356.9,22.97,87,1093.551,1028.65,9.2,441.118,803,538.073,725.555,240.156,63.954,0,0,617.0003333,21.318
01-07-2010,268.309,0,3.3235888,14.914639,0.83600146,15352660,1393.697,0.6,106.609,520.6,349.389,525.4,340.498,356.9,22.97,87,1093.551,1028.65,9.2,441.118,803,640.203,538.073,247.352,101.188,63.954,0,634.6103333,55.04733333
01-07-2011,184.921,0,1.6296585,13.986278,0.78539485,16903416,1530.368,0.7,106.609,520.6,349.389,525.4,340.498,356.9,22.97,87,1093.551,1028.65,9.2,441.118,803,268.309,640.203,201.353,0,101.188,0,482.195,55.04733333
01-07-2012,220.825,0,2.0271592,13.840955,0.7811975,15679015,1670.278,0.7,106.609,520.6,349.389,525.4,340.498,356.9,22.97,87,1093.551,1028.65,9.2,441.118,803,184.921,268.309,400.947,0,0,0,364.4776667,33.72933333
01-07-2013,140.312,0,1.5082012,16.678295,0.6514094,20470086,1818.087,1,106.609,520.6,349.389,525.4,340.498,356.9,22.97,87,1093.551,1028.65,9.2,441.118,803,220.825,184.921,312.112,0,0,0,224.685,0
01-07-2014,233.675,0,2.3360982,15.927581,0.74664915,17489866,2152.937,1.1,106.609,520.6,349.389,525.4,340.498,356.9,22.97,87,1093.551,1028.65,9.2,441.118,803,140.312,220.825,578.961,0,0,0,182.0193333,0
01-07-2015,489.949,0,2.8032968,13.8078165,0.7479927,16623599,2371.557,2.1,106.609,520.6,349.389,525.4,340.498,356.9,22.97,87,1093.551,1028.65,9.2,441.118,803,233.675,140.312,315.223,0,0,0,198.2706667,0
01-07-2016,348.549,0,3.639187,14.729363,0.77314854,16258285,2491.157,5.1,106.609,520.6,349.389,525.4,340.498,356.9,22.97,87,1093.551,1028.65,9.2,441.118,803,489.949,233.675,622.842,0,0,0,287.9786667,0
01-07-2017,436.831,0,2.8185115,14.6015215,0.7432214,17167652,3065.684,15.7,106.609,520.6,349.389,525.4,340.498,356.9,22.97,87,1093.551,1028.65,9.2,441.118,803,348.549,489.949,725.201,0,0,0,357.391,0
01-07-2018,336.498,0,1.6739211,16.082878,0.69950664,18147004,3456.294,29,106.609,520.6,349.389,525.4,340.498,356.9,22.97,87,1093.551,1028.65,9.2,441.118,803,436.831,348.549,587.373,0,0,0,425.1096667,0
01-07-2019,492.446,0,2.02719,15.6333065,0.7788421,17584166,3738.825,36,106.609,520.6,349.389,525.4,340.498,356.9,22.97,87,1093.551,1028.65,9.2,441.118,803,336.498,436.831,725.555,0,0,0,373.9593333,0
01-07-2020,761.876,0,3.418968,14.007636,0.80353194,14965143,4247.041,89.9,106.609,520.6,349.389,525.4,340.498,356.9,22.97,87,1093.551,1028.65,9.2,441.118,803,492.446,336.498,538.073,0,0,63.954,421.925,0
01-07-2021,296.283,0,1.0993071,16.130602,0.7222974,18633744,4332.811,92.4,106.609,520.6,349.389,525.4,340.498,356.9,22.97,87,1093.551,1028.65,9.2,441.118,803,761.876,492.446,640.203,0,0,101.188,530.2733333,0
01-07-2022,520.754,0,2.284485,15.516557,0.8263424,17238790,4367.301,187.9,106.609,520.6,349.389,525.4,340.498,356.9,22.97,87,1093.551,1028.65,9.2,441.118,803,296.283,761.876,268.309,0,0,0,516.8683333,0
01-07-2023,877.184,59.491,3.5401566,14.779753,0.7614344,16268529,4666.301,445.2,106.609,520.6,349.389,525.4,340.498,356.9,22.97,87,1093.551,1028.65,9.2,441.118,803,520.754,296.283,184.921,0,0,0,526.3043333,0
01-07-2024,587.208,115.457,2.1052315,14.305027,0.78863937,16557731,4809.891,0,106.609,520.6,349.389,525.4,340.498,356.9,22.97,87,1093.551,1028.65,9.2,441.118,803,877.184,520.754,220.825,59.491,0,0,564.7403333,19.83033333
01-08-2010,207.491,0,2.7918634,14.405796,0.7027592,15194250,1393.697,0.6,106.609,520.6,349.389,525.4,340.498,356.9,22.97,87,1093.551,1028.65,9.2,441.118,803,587.208,877.184,140.312,115.457,59.491,0,661.7153333,58.316
01-08-2011,190.237,0,2.4011583,13.759388,0.7419558,14305454,1592.808,0.7,106.609,520.6,349.389,525.4,340.498,356.9,22.97,87,1093.551,1028.65,9.2,441.118,803,207.491,587.208,233.675,0,115.457,0,557.2943333,58.316
01-08-2012,293.377,0,2.6854606,15.282195,0.76189435,14754456,1670.278,0.7,106.609,520.6,349.389,525.4,340.498,356.9,22.97,87,1093.551,1028.65,9.2,441.118,803,190.237,207.491,489.949,0,0,0,328.312,38.48566667
01-08-2013,261.029,0,3.5183,15.311791,0.7752144,14176222,1818.087,1,106.609,520.6,349.389,525.4,340.498,356.9,22.97,87,1093.551,1028.65,9.2,441.118,803,293.377,190.237,348.549,0,0,0,230.3683333,0
01-08-2014,406.588,0,2.8635595,14.260562,0.6723016,15213339,2164.937,1.1,106.609,520.6,349.389,525.4,340.498,356.9,22.97,87,1093.551,1028.65,9.2,441.118,803,261.029,293.377,436.831,0,0,0,248.2143333,0
01-08-2015,368.369,0,3.47539,13.984968,0.7191048,14953027,2371.607,2.1,106.609,520.6,349.389,525.4,340.498,356.9,22.97,87,1093.551,1028.65,9.2,441.118,803,406.588,261.029,336.498,0,0,0,320.3313333,0
01-08-2016,502.521,0,3.0762098,15.27925,0.7515339,13989349,2526.357,5.1,106.609,520.6,349.389,525.4,340.498,356.9,22.97,87,1093.551,1028.65,9.2,441.118,803,368.369,406.588,492.446,0,0,0,345.3286667,0
01-08-2017,442.087,0,3.4167042,14.437585,0.72187066,14462692,3085.404,15.7,106.609,520.6,349.389,525.4,340.498,356.9,22.97,87,1093.551,1028.65,9.2,441.118,803,502.521,368.369,761.876,0,0,0,425.826,0
01-08-2018,546.547,0,3.7903275,14.932595,0.8039772,12894647,3495.094,29,106.609,520.6,349.389,525.4,340.498,356.9,22.97,87,1093.551,1028.65,9.2,441.118,803,442.087,502.521,296.283,0,0,0,437.659,0
01-08-2019,799.443,0,3.6596327,15.310919,0.7410873,14541207,3776.785,36,106.609,520.6,349.389,525.4,340.498,356.9,22.97,87,1093.551,1028.65,9.2,441.118,803,546.547,442.087,520.754,0,0,0,497.0516667,0
01-08-2020,629.406,0,1.2007749,15.331411,0.76499873,13824425,4247.041,89.9,106.609,520.6,349.389,525.4,340.498,356.9,22.97,87,1093.551,1028.65,9.2,441.118,803,799.443,546.547,877.184,0,0,59.491,596.0256667,0
01-08-2021,547.06,0,1.399736,15.290002,0.752724,14261697,4332.811,92.4,106.609,520.6,349.389,525.4,340.498,356.9,22.97,87,1093.551,1028.65,9.2,441.118,803,629.406,799.443,587.208,0,0,115.457,658.4653333,0
01-08-2022,509.108,2.767,1.703583,16.02444,0.64353806,16736528,4367.301,187.9,106.609,520.6,349.389,525.4,340.498,356.9,22.97,87,1093.551,1028.65,9.2,441.118,803,547.06,629.406,207.491,0,0,0,658.6363333,0
01-08-2023,887.967,55.135,2.3035195,15.340735,0.73130965,14325237,4700.701,445.2,106.609,520.6,349.389,525.4,340.498,356.9,22.97,87,1093.551,1028.65,9.2,441.118,803,509.108,547.06,190.237,2.767,0,0,561.858,0.922333333
01-08-2024,947.575,98.174,5.0504804,15.043768,0.7026336,14562473,4838.091,0,106.609,520.6,349.389,525.4,340.498,356.9,22.97,87,1093.551,1028.65,9.2,441.118,803,887.967,509.108,293.377,55.135,2.767,0,648.045,19.30066667
01-09-2010,288.738,0,2.3287084,13.937576,0.7557088,10283616,1395.287,0.6,106.609,520.6,349.389,525.4,340.498,356.9,22.97,87,1093.551,1028.65,9.2,441.118,803,947.575,887.967,261.029,98.174,55.135,0,781.55,52.02533333
01-09-2011,483.044,0,5.392239,13.701938,0.79020184,9489662,1592.808,0.7,106.609,520.6,349.389,525.4,340.498,356.9,22.97,87,1093.551,1028.65,9.2,441.118,803,288.738,947.575,406.588,0,98.174,0,708.0933333,51.103
01-09-2012,310.492,0,3.5203156,12.974229,0.7633441,10317375,1682.878,0.7,106.609,520.6,349.389,525.4,340.498,356.9,22.97,87,1093.551,1028.65,9.2,441.118,803,483.044,288.738,368.369,0,0,0,573.119,32.72466667
01-09-2013,312.105,0,1.7884411,13.712334,0.80533254,9650190,1875.287,1,106.609,520.6,349.389,525.4,340.498,356.9,22.97,87,1093.551,1028.65,9.2,441.118,803,310.492,483.044,502.521,0,0,0,360.758,0
01-09-2014,183.019,0,0.88188875,14.524881,0.72862387,11504654,2176.957,1.1,106.609,520.6,349.389,525.4,340.498,356.9,22.97,87,1093.551,1028.65,9.2,441.118,803,312.105,310.492,442.087,0,0,0,368.547,0
01-09-2015,381.609,0,0.7030349,12.743816,0.70059,11019971,2398.457,2.1,106.609,520.6,349.389,525.4,340.498,356.9,22.97,87,1093.551,1028.65,9.2,441.118,803,183.019,312.105,546.547,0,0,0,268.5386667,0
01-09-2016,535.781,0,4.3300815,14.292585,0.80537033,9244656,2548.456,5.1,106.609,520.6,349.389,525.4,340.498,356.9,22.97,87,1093.551,1028.65,9.2,441.118,803,381.609,183.019,799.443,0,0,0,292.2443333,0
01-09-2017,577.936,0,2.906955,13.116413,0.73920834,10060260,3096.904,15.7,106.609,520.6,349.389,525.4,340.498,356.9,22.97,87,1093.551,1028.65,9.2,441.118,803,535.781,381.609,629.406,0,0,0,366.803,0
01-09-2018,643.736,0,3.6861641,12.855907,0.77684367,9653657,3517.143,29,106.609,520.6,349.389,525.4,340.498,356.9,22.97,87,1093.551,1028.65,9.2,441.118,803,577.936,535.781,547.06,0,0,0,498.442,0
01-09-2019,778.572,0,2.6363382,13.938366,0.69455993,10380933,3901.765,36,106.609,520.6,349.389,525.4,340.498,356.9,22.97,87,1093.551,1028.65,9.2,441.118,803,643.736,577.936,509.108,0,0,2.767,585.8176667,0
01-09-2020,755.488,0,2.4851885,13.6747265,0.7192487,10686011,4247.041,89.9,106.609,520.6,349.389,525.4,340.498,356.9,22.97,87,1093.551,1028.65,9.2,441.118,803,778.572,643.736,887.967,0,0,55.135,666.748,0
01-09-2021,520.881,0,1.9989759,15.014957,0.80015755,9646984,4332.811,92.4,106.609,520.6,349.389,525.4,340.498,356.9,22.97,87,1093.551,1028.65,9.2,441.118,803,755.488,778.572,947.575,0,0,98.174,725.932,0
01-09-2022,643.172,3.242,1.0805953,14.172923,0.7557633,10552561,4397.301,187.9,106.609,520.6,349.389,525.4,340.498,356.9,22.97,87,1093.551,1028.65,9.2,441.118,803,520.881,755.488,288.738,0,0,0,684.9803333,0
01-09-2023,853.168,42.244,2.1854262,15.062298,0.70384854,10359395,4713.601,445.2,106.609,520.6,349.389,525.4,340.498,356.9,22.97,87,1093.551,1028.65,9.2,441.118,803,643.172,520.881,483.044,3.242,0,0,639.847,1.080666667
01-09-2024,794.546,73.727,1.9802207,13.350514,0.6683965,10726389,4852.591,0,106.609,520.6,349.389,525.4,340.498,356.9,22.97,87,1093.551,1028.65,9.2,441.118,803,853.168,643.172,310.492,42.244,3.242,0,672.407,15.162
01-10-2010,321.952,0,1.9723176,11.298184,0.6781363,6822046,1395.287,0.6,106.609,520.6,349.389,525.4,340.498,356.9,22.97,87,1093.551,1028.65,9.2,441.118,803,794.546,853.168,312.105,73.727,42.244,0,763.6286667,39.73766667
01-10-2011,450.738,0,4.7353787,12.028352,0.8364888,4809977,1617.098,0.7,106.609,520.6,349.389,525.4,340.498,356.9,22.97,87,1093.551,1028.65,9.2,441.118,803,321.952,794.546,183.019,0,73.727,0,656.5553333,38.657
01-10-2012,271.708,0,0.9914407,9.9304695,0.7364165,6105414.5,1707.09,0.7,106.609,520.6,349.389,525.4,340.498,356.9,22.97,87,1093.551,1028.65,9.2,441.118,803,450.738,321.952,381.609,0,0,0,522.412,24.57566667
01-10-2013,417.989,0,2.345762,12.468028,0.75754476,5803186,1880.287,1,106.609,520.6,349.389,525.4,340.498,356.9,22.97,87,1093.551,1028.65,9.2,441.118,803,271.708,450.738,535.781,0,0,0,348.1326667,0
01-10-2014,564.285,0,4.0648484,12.030632,0.75199014,6078994.5,2213.957,1.1,106.609,520.6,349.389,525.4,340.498,356.9,22.97,87,1093.551,1028.65,9.2,441.118,803,417.989,271.708,577.936,0,0,0,380.145,0
01-10-2015,388.36,0,2.0241516,11.514589,0.74826115,6480843,2422.457,2.1,106.609,520.6,349.389,525.4,340.498,356.9,22.97,87,1093.551,1028.65,9.2,441.118,803,564.285,417.989,643.736,0,0,0,417.994,0
01-10-2016,446.08,0,2.3401206,11.534855,0.7048417,6604779,2620.816,5.1,106.609,520.6,349.389,525.4,340.498,356.9,22.97,87,1093.551,1028.65,9.2,441.118,803,388.36,564.285,778.572,0,0,0,456.878,0
01-10-2017,710.952,0,4.2165737,12.285878,0.851452,4831193.5,3110.482,15.7,106.609,520.6,349.389,525.4,340.498,356.9,22.97,87,1093.551,1028.65,9.2,441.118,803,446.08,388.36,755.488,0,0,0,466.2416667,0
01-10-2018,725.032,0,2.531073,10.805706,0.7382324,6060258.5,3604.143,29,106.609,520.6,349.389,525.4,340.498,356.9,22.97,87,1093.551,1028.65,9.2,441.118,803,710.952,446.08,520.881,0,0,0,515.1306667,0
01-10-2019,949.999,0,1.8625311,10.639424,0.71479,6257751.5,3961.604,36,106.609,520.6,349.389,525.4,340.498,356.9,22.97,87,1093.551,1028.65,9.2,441.118,803,725.032,710.952,643.172,0,0,3.242,627.3546667,0
01-10-2020,1136.627,0,2.7010634,10.711387,0.70896155,6302337,4278.391,89.9,106.609,520.6,349.389,525.4,340.498,356.9,22.97,87,1093.551,1028.65,9.2,441.118,803,949.999,725.032,853.168,0,0,42.244,795.3276667,0
01-10-2021,956.485,0,4.104782,12.323149,0.80927616,5814523.5,4332.811,92.4,106.609,520.6,349.389,525.4,340.498,356.9,22.97,87,1093.551,1028.65,9.2,441.118,803,1136.627,949.999,794.546,0,0,73.727,937.2193333,0
01-10-2022,1250.767,2.641,4.1950736,12.745035,0.7666021,5893539.5,4427.301,187.9,106.609,520.6,349.389,525.4,340.498,356.9,22.97,87,1093.551,1028.65,9.2,441.118,803,956.485,1136.627,321.952,0,0,0,1014.370333,0
01-10-2023,837.014,34.369,1.9013935,12.156175,0.8212453,5632241.5,4713.601,445.2,106.609,520.6,349.389,525.4,340.498,356.9,22.97,87,1093.551,1028.65,9.2,441.118,803,1250.767,956.485,450.738,2.641,0,0,1114.626333,0.880333333
01-10-2024,1032.437,54.281,2.5294552,12.030245,0.7300662,5882238,4934.091,0,106.609,520.6,349.389,525.4,340.498,356.9,22.97,87,1093.551,1028.65,9.2,441.118,803,837.014,1250.767,271.708,34.369,2.641,0,1014.755333,12.33666667
01-11-2010,341.232,0,1.4749972,6.9686065,0.673554,3360095.8,1400.41,0.6,106.609,520.6,349.389,525.4,340.498,356.9,22.97,87,1093.551,1028.65,9.2,441.118,803,1032.437,837.014,417.989,54.281,34.369,0,1040.072667,30.43033333
01-11-2011,546.286,0,4.9286823,10.641469,0.7409434,3116192.8,1617.598,0.7,106.609,520.6,349.389,525.4,340.498,356.9,22.97,87,1093.551,1028.65,9.2,441.118,803,341.232,1032.437,564.285,0,54.281,0,736.8943333,29.55
01-11-2012,360.524,0,3.2383852,7.7340894,0.7114339,3263567.5,1710.99,0.7,106.609,520.6,349.389,525.4,340.498,356.9,22.97,87,1093.551,1028.65,9.2,441.118,803,546.286,341.232,388.36,0,0,0,639.985,18.09366667
01-11-2013,335.976,0,3.7802985,8.038032,0.7229766,3354578.8,1885.397,1,106.609,520.6,349.389,525.4,340.498,356.9,22.97,87,1093.551,1028.65,9.2,441.118,803,360.524,546.286,446.08,0,0,0,416.014,0
01-11-2014,424.801,0,2.0673397,9.164361,0.72298145,3156673.5,2228.957,1.1,106.609,520.6,349.389,525.4,340.498,356.9,22.97,87,1093.551,1028.65,9.2,441.118,803,335.976,360.524,710.952,0,0,0,414.262,0
01-11-2015,752.462,0,5.450531,10.018782,0.78159964,2604640.5,2427.457,2.1,106.609,520.6,349.389,525.4,340.498,356.9,22.97,87,1093.551,1028.65,9.2,441.118,803,424.801,335.976,725.032,0,0,0,373.767,0
01-11-2016,504.521,0,2.483482,7.520602,0.660551,3431147.2,2659.516,5.1,106.609,520.6,349.389,525.4,340.498,356.9,22.97,87,1093.551,1028.65,9.2,441.118,803,752.462,424.801,949.999,0,0,0,504.413,0
01-11-2017,614.283,0,3.9968371,8.523708,0.74502766,3001438.5,3172.107,15.7,106.609,520.6,349.389,525.4,340.498,356.9,22.97,87,1093.551,1028.65,9.2,441.118,803,504.521,752.462,1136.627,0,0,0,560.5946667,0
01-11-2018,1023.995,0,4.0069466,9.173437,0.71156025,2999808.8,3609.143,29,106.609,520.6,349.389,525.4,340.498,356.9,22.97,87,1093.551,1028.65,9.2,441.118,803,614.283,504.521,956.485,0,0,0,623.7553333,0
01-11-2019,897.874,0,1.7507622,7.862344,0.7517324,3061784.8,4012.104,36,106.609,520.6,349.389,525.4,340.498,356.9,22.97,87,1093.551,1028.65,9.2,441.118,803,1023.995,614.283,1250.767,0,0,2.641,714.2663333,0
01-11-2020,1060.059,0,3.9123828,9.563896,0.78481007,2834698.5,4278.391,89.9,106.609,520.6,349.389,525.4,340.498,356.9,22.97,87,1093.551,1028.65,9.2,441.118,803,897.874,1023.995,837.014,0,0,34.369,845.384,0
01-11-2021,936.019,0,3.7885647,9.570084,0.76607424,3041964.5,4332.811,92.4,106.609,520.6,349.389,525.4,340.498,356.9,22.97,87,1093.551,1028.65,9.2,441.118,803,1060.059,897.874,1032.437,0,0,54.281,993.976,0
01-11-2022,1334.786,2.388,5.466969,10.0863905,0.75596964,3211073.5,4467.901,187.9,106.609,520.6,349.389,525.4,340.498,356.9,22.97,87,1093.551,1028.65,9.2,441.118,803,936.019,1060.059,341.232,0,0,0,964.6506667,0
01-11-2023,1137.068,20.131,3.0257845,9.126877,0.71279585,3445353.8,4713.601,445.2,106.609,520.6,349.389,525.4,340.498,356.9,22.97,87,1093.551,1028.65,9.2,441.118,803,1334.786,936.019,546.286,2.388,0,0,1110.288,0.796
01-11-2024,887.614,23.612,2.0246327,9.667848,0.83975875,2690675.5,4934.091,0,106.609,520.6,349.389,525.4,340.498,356.9,22.97,87,1093.551,1028.65,9.2,441.118,803,1137.068,1334.786,360.524,20.131,2.388,0,1135.957667,7.506333333
01-12-2010,218.84,0,1.1318158,2.989208,0.69092274,2226574.2,1400.428,0.6,106.609,520.6,349.389,525.4,340.498,356.9,22.97,87,1093.551,1028.65,9.2,441.118,803,887.614,1137.068,335.976,23.612,20.131,0,1119.822667,15.377
01-12-2011,649.314,0,7.313563,7.31394,0.77702886,1838149.5,1620.998,0.7,106.609,520.6,349.389,525.4,340.498,356.9,22.97,87,1093.551,1028.65,9.2,441.118,803,218.84,887.614,424.801,0,23.612,0,747.8406667,14.581
01-12-2012,462.775,0,3.5605388,7.0911856,0.77599686,1957227.6,1748.89,0.7,106.609,520.6,349.389,525.4,340.498,356.9,22.97,87,1093.551,1028.65,9.2,441.118,803,649.314,218.84,752.462,0,0,0,585.256,7.870666667
01-12-2013,657.156,0,6.730916,7.9469194,0.7903367,1928443.4,1924.397,1,106.609,520.6,349.389,525.4,340.498,356.9,22.97,87,1093.551,1028.65,9.2,441.118,803,462.775,649.314,504.521,0,0,0,443.643,0
01-12-2014,703.134,0,5.6008925,7.182816,0.7588282,1897144.5,2267.557,1.1,106.609,520.6,349.389,525.4,340.498,356.9,22.97,87,1093.551,1028.65,9.2,441.118,803,657.156,462.775,614.283,0,0,0,589.7483333,0
01-12-2015,927.38,0,6.4980316,9.192878,0.8328035,1591230.4,2447.457,2.1,106.609,520.6,349.389,525.4,340.498,356.9,22.97,87,1093.551,1028.65,9.2,441.118,803,703.134,657.156,1023.995,0,0,0,607.6883333,0
01-12-2016,702.76,0,4.2959485,8.5515585,0.78495425,1817049.9,2795.106,5.1,106.609,520.6,349.389,525.4,340.498,356.9,22.97,87,1093.551,1028.65,9.2,441.118,803,927.38,703.134,897.874,0,0,0,762.5566667,0
01-12-2017,807.98,0,3.9087112,7.2088995,0.7847596,1894557,3302.774,15.7,106.609,520.6,349.389,525.4,340.498,356.9,22.97,87,1093.551,1028.65,9.2,441.118,803,702.76,927.38,1060.059,0,0,0,777.758,0
01-12-2018,1167.327,0,4.2653756,8.960694,0.8592541,1540265.8,3667.538,29,106.609,520.6,349.389,525.4,340.498,356.9,22.97,87,1093.551,1028.65,9.2,441.118,803,807.98,702.76,936.019,0,0,0,812.7066667,0
01-12-2019,1167.824,0,4.5232487,7.623553,0.7401472,1972611.2,4113.293,36,106.609,520.6,349.389,525.4,340.498,356.9,22.97,87,1093.551,1028.65,9.2,441.118,803,1167.327,807.98,1334.786,0,0,2.388,892.689,0
01-12-2020,1248.375,0,3.0980177,6.7964306,0.74099493,2034794.9,4323.391,89.9,106.609,520.6,349.389,525.4,340.498,356.9,22.97,87,1093.551,1028.65,9.2,441.118,803,1167.824,1167.327,1137.068,0,0,20.131,1047.710333,0
01-12-2021,1225.576,0,2.5414236,8.336743,0.8230989,1758544.4,4332.811,92.4,106.609,520.6,349.389,525.4,340.498,356.9,22.97,87,1093.551,1028.65,9.2,441.118,803,1248.375,1167.824,887.614,0,0,23.612,1194.508667,0
01-12-2022,1029.827,2.098,1.6131024,6.0883946,0.6681189,2191883.8,4527.901,187.9,106.609,520.6,349.389,525.4,340.498,356.9,22.97,87,1093.551,1028.65,9.2,441.118,803,1225.576,1248.375,218.84,0,0,0,1213.925,0
01-12-2023,1537.47,10.196,4.7240267,8.610866,0.79957813,1837946.2,4731.391,445.2,106.609,520.6,349.389,525.4,340.498,356.9,22.97,87,1093.551,1028.65,9.2,441.118,803,1029.827,1225.576,649.314,2.098,0,0,1167.926,0.699333333
01-12-2024,1318.917,16.222,3.8910756,8.576675,0.7836908,1704224.6,4934.091,0,106.609,520.6,349.389,525.4,340.498,356.9,22.97,87,1093.551,1028.65,9.2,441.118,803,1537.47,1029.827,462.775,10.196,2.098,0,1264.291,4.098
