Project,Type,Category,Installed_MW,Connection_Date,County,Connection_Type,Zone
Golagh,Wind,Onshore,15,01-07-1997,Donegal,TSO,North
Kingsmountain,Wind,Onshore,25,01-05-2003,Sligo,TSO,West
Meentycat,Wind,Onshore,72.4,01-10-2004,Donegal,TSO,North
Ballywater,Wind,Onshore,31.5,01-05-2005,Wexford,TSO,East
Booltiagh,Wind,Onshore,19.5,01-08-2005,Clare,TSO,West
Derrybrien ,Wind,Onshore,59.5,01-10-2005,Galway,TSO,West
Coomagearlahy,Wind,Onshore,45,01-03-2006,Kerry,TSO,South
Midas,Wind,Onshore,32.45,01-07-2007,Kerry,TSO,South
Ballywater,Wind,Onshore,10.5,01-08-2007,Wexford,TSO,East
Mountain Lodge,Wind,Onshore,25.5,01-04-2008,Cavan,TSO,North
Pallas,Wind,Onshore,40,01-06-2008,Kerry,TSO,South
Coomacheo,Wind,Onshore,41.4,01-06-2008,Cork,TSO,South
Coomagearlahy,Wind,Onshore,8.5,01-03-2009,Kerry,TSO,South
Mountain Lodge,Wind,Onshore,6,01-03-2009,Cavan,TSO,North
Coomagearlahy,Wind,Onshore,32.5,01-06-2009,Kerry,TSO,South
Coomacheo,Wind,Onshore,18.4,01-07-2009,Cork,TSO,South
Lisheen,Wind,Onshore,36,01-07-2009,Tipperary,TSO,South
Meentycat,Wind,Onshore,16.1,01-10-2009,Donegal,TSO,North
Bindoo,Wind,Onshore,48,01-10-2009,Cavan,TSO,North
Boggeragh,Wind,Onshore,57,01-12-2009,Cork,TSO,South
Dromada,Wind,Onshore,28.5,01-12-2009,Limerick,TSO,South
Garvagh,Wind,Onshore,26,01-06-2010,Leitrim,TSO,West
Garvagh,Wind,Onshore,22,01-06-2010,Roscommon,TSO,West
Kingsmountain,Wind,Onshore,11.05,01-06-2010,Sligo,TSO,West
Castledockrell,Wind,Onshore,20.7,01-01-2011,Wexford,TSO,East
Castledockrell,Wind,Onshore,2.3,01-01-2011,Wexford,TSO,East
Castledockrell,Wind,Onshore,2.3,01-01-2011,Wexford,TSO,East
Castledockrell,Wind,Onshore,16.1,01-01-2011,Wexford,TSO,East
Lisheen ,Wind,Onshore,24,01-05-2013,Tipperary,TSO,South
Booltiagh,Wind,Onshore,12,01-09-2013,Clare,TSO,West
Athea,Wind,Onshore,34.35,01-02-2014,Limerick,TSO,South
Knockacummer,Wind,Onshore,100,01-07-2015,Cork,TSO,South
Mountlucas,Wind,Onshore,84,01-11-2014,Offaly,TSO,East
Kill Hill,Wind,Onshore,36,01-12-2014,Tipperary,TSO,South
Woodhouse,Wind,Onshore,20,01-06-2015,Waterford,TSO,South
Cloghboola,Wind,Onshore,48,01-10-2015,Kerry,TSO,South
Boggeragh,Wind,Onshore,65.7,01-06-2016,Cork,TSO,South
Mulreavy,Wind,Onshore,5,01-10-2016,Donegal,TSO,North
Sliabh Bawn,Wind,Onshore,64,01-12-2016,Roscommon,TSO,West
Mulreavy,Wind,Onshore,90,01-02-2017,Donegal,TSO,North
Uggool,Wind,Onshore,64,01-02-2017,Galway,TSO,West
Moneypoint,Wind,Onshore,17.25,01-06-2017,Clare,TSO,West
Seecon,Wind,Onshore,108,01-08-2017,Galway,TSO,West
Cordal,Wind,Onshore,35.2,01-03-2018,Kerry,TSO,South
Cordal,Wind,Onshore,54.4,01-03-2018,Kerry,TSO,South
Clahane,Wind,Onshore,13.8,01-08-2018,Kerry,TSO,South
Kelwin,Wind,Onshore,37.05,01-09-2018,Kerry,TSO,South
Knockalassa,Wind,Onshore,27.5,01-10-2018,Clare,TSO,West
Boolinrudda,Wind,Onshore,45,01-10-2018,Clare,TSO,West
Knockalough,Wind,Onshore,35.2,01-01-2019,Galway,TSO,West
Oweninny,Wind,Onshore,92.8,01-10-2019,Mayo,TSO,West
Grousemount,Wind,Onshore,114.2,01-04-2020,Kerry,TSO,South
Beenanaspuck & Tobertoreen ,Wind,Onshore,23.1,01-04-2020,Kerry,TSO,South
Carrigdangan,Wind,Onshore,54.3,01-01-2021,Cork,TSO,South
Cloncreen,Wind,Onshore,75.6,01-11-2022,Offaly,TSO,East
Lisheen,Wind ,Onshore,28.8,01-02-2023,Tipperary,TSO,South
Cloghan,Wind ,Onshore,34,01-01-2023,Offaly,TSO,East
Oweninny,Wind ,Onshore,83,01-04-2023,Mayo,TSO,West
Lenalea,Wind,Onshore,30.1,01-09-2023,Donegal,TSO,North
Ardderroo,Wind,Onshore,91.2,01-08-2023,Galway,TSO,West
Drumlins,Wind,Onshore,48.8,01-06-2024,Monaghan,TSO,North
Moanvane,Wind,Onshore,57,01-08-2024,Offaly,TSO,East
Derrinlough,Wind,Onshore,105,01-01-2025,Offaly,TSO,East
Yellow River,Wind,Onshore,86.4,01-02-2025,Offaly,TSO,East
Spion Kop Wind Farm,Wind,Onshore,1.2,01-12-1997,Roscommon,DSO,West
Cappawhite A Wind Farm (Gate 3),Wind,Onshore,49.08,23-06-2017,Tipperary,DSO,South
Cleanrath Wind Farm,Wind,Onshore,42.64,21-11-2019,Cork,DSO,South
Knocknagoum (1),Wind,Onshore,42.55,09-09-2013,Kerry,DSO,South
Leitir Guingaid Wind Farm,Wind,Onshore,40.9,07-02-2014,Galway,DSO,West
Magheramore and Cloontooa Wind Farm,Wind,Onshore,40.8,12-12-2018,Tipperary,DSO,South
Bruckana,Wind,Onshore,39.6,16-07-2014,Tipperary,DSO,South
Boolynagleragh (1),Wind,Onshore,36.98,03-09-2019,Clare,DSO,West
Garracummer Wind Farm,Wind,Onshore,36.9,05-03-2013,Tipperary,DSO,South
Scartaglen Wind Farm,Wind,Onshore,35.45,12-12-2017,Kerry,DSO,South
Raheenleagh (1),Wind,Onshore,35.2,04-08-2016,Wicklow,DSO,East
Carrowleagh Wind Farm (1),Wind,Onshore,34.15,06-06-2012,Donegal,DSO,North
Derrysallagh Wind Farm (Formerly Kilronan 2),Wind,Onshore,34,29-11-2019,Derry,DSO,NI
Castlepook (1),Wind,Onshore,33.1,28-11-2017,Cork,DSO,South
Glencarbry Wind Farm,Wind,Onshore,33,27-10-2016,Tipperary,DSO,South
Glenough Wind Farm,Wind,Onshore,33,22-08-2011,Tipperary,DSO,South
Monaincha Bog Wind Farm (Gate 3),Wind,Onshore,32.55,31-01-2014,Tipperary,DSO,South
Barranafaddock Wind Farm,Wind,Onshore,32.4,01-05-2015,Cork,DSO,South
Sorne Hill Wind Farm,Wind,Onshore,31.5,01-07-2006,Donegal,DSO,North
Bunnyconnellan Wind Farm,Wind,Onshore,28,04-12-2019,Donegal,DSO,North
Taurbeg Wind Farm,Wind,Onshore,26,01-01-2006,Cork,DSO,South
Arklow Bank Wind Farm (1),Wind,Onshore,25.2,01-11-2003,Wicklow,DSO,East
Sorrell Island (Prev Glenmore),Wind,Onshore,24,03-09-2019,Clare,DSO,West
Bawnmore (Burren/Carraignimma),Wind,Onshore,24,14-10-2011,Cork,DSO,South
Taghart Wind Farm (formerly Cregg WF),Wind,Onshore,23.06,22-07-2022,Meath,DSO,East
Knockawarriga Wind Farm,Wind,Onshore,22.5,01-07-2008,Roscommon,DSO,West
Gortahile Wind Farm,Wind,Onshore,21,21-06-2010,Carlow,DSO,East
Richfield Wind Farm,Wind,Onshore,20.25,01-08-2006,Wexford,DSO,East
Glanaruddery 1 (formerly Dromadda More Wind Farm),Wind,Onshore,20,13-02-2018,Cork,DSO,South
Carraigcannon Wind Farm,Wind,Onshore,20,25-03-2011,Cork,DSO,South
Ballybane (Glanta Commons) Wind Farm,Wind,Onshore,19.55,01-07-2008,Cork,DSO,South
Killala Wind Farm (Phase 1),Wind,Onshore,19.2,30-05-2019,Mayo,DSO,West
Raheen Barr Wind Farm,Wind,Onshore,18.7,01-11-2003,Mayo,DSO,West
Coollegrean Wind Farm,Wind,Onshore,18.5,30-01-2018,Kerry,DSO,South
Knocknatallig Wind Farm (formerly Buttevant Wind Farm),Wind,Onshore,18.3,28-11-2017,Cork,DSO,South
Ballycumber Wind Farm,Wind,Onshore,18,20-03-2019,Wicklow,DSO,East
Leanamore Wind Farm (Tarbert Wind Farm),Wind,Onshore,18,18-12-2017,Kerry,DSO,South
Cronalaght Wind Farm 2,Wind,Onshore,17.96,28-08-2019,Mayo,DSO,West
Acres Wind Farm,Wind,Onshore,17.5,23-05-2015,Donegal,DSO,North
Tournafulla (2) Wind Farm,Wind,Onshore,17.2,01-04-2008,Roscommon,DSO,West
Killaveenoge Windfarm (Derryvacorneen merge with Barrboy Windfarm),Wind,Onshore,17,16-12-2016,Cork,DSO,South
Dromdeeveen Wind Farm (2),Wind,Onshore,16.5,24-08-2011,Cork,DSO,South
Grove Hill Windfarm (formerly Tullynageer WF),Wind,Onshore,16.1,03-09-2016,Louth,DSO,East
Muingnaminnane Wind Farm,Wind,Onshore,15.3,09-02-2010,Kerry,DSO,South
Tursillagh Wind Farm,Wind,Onshore,15,01-11-2000,Kerry,DSO,South
Grouse Lodge Wind Farm,Wind,Onshore,15,08-04-2011,Limerick,DSO,South
Cark,Wind,Onshore,15,01-12-1997,Donegal,DSO,North
Ballincollig Hill Wind Farm (Lee Strand),Wind,Onshore,15,04-03-2010,Kerry,DSO,South
Gibbet Hill Wind Farm,Wind,Onshore,14.8,01-03-2013,Wexford,DSO,East
Ballycadden Wind Farm (1),Wind,Onshore,14.45,12-10-2012,Wexford,DSO,East
Beam Hill Wind Farm,Wind,Onshore,14,01-08-2006,Tyrone,DSO,NI
Ballybay Wind Farm (Tullaroan),Wind,Onshore,13.8,21-07-2017,Tipperary,DSO,South
Mauricetown (Glenduff)  Wind Farm,Wind,Onshore,13.8,16-04-2020,Cork,DSO,South
Tullabrack Wind Farm,Wind,Onshore,13.8,19-05-2017,Clare,DSO,West
Lissycasey Wind Farm,Wind,Onshore,13.399,31-10-2019,Clare,DSO,West
Cappawhite B Wind Farm (Cappagh White),Wind,Onshore,13.18,19-06-2018,Tipperary,DSO,South
Moanmore Wind Farm,Wind,Onshore,12.6,01-12-2004,Clare,DSO,West
Cloghaneleskirt Wind Farm,Wind,Onshore,12.55,27-04-2018,Cork,DSO,South
Black Lough Wind farm,Wind,Onshore,12.5,06-03-2020,Donegal,DSO,North
Rathcahill West Windfarm,Wind,Onshore,12.5,02-05-2011,Limerick,DSO,South
Glanaruddery 2 (formerly Dromadda More 2),Wind,Onshore,12,13-02-2018,Cork,DSO,South
Esk Wind Farm Phase 2,Wind,Onshore,12,16-10-2020,Cork,DSO,South
Tullynamoyle Wind Farm 3 (Formerly Geevagh 2),Wind,Onshore,11.98,18-09-2017,Monaghan,DSO,North
Carnsore Wind Farm,Wind,Onshore,11.9,01-08-2002,Wexford,DSO,East
Meenachullalan Wind Farm,Wind,Onshore,11.9,01-11-2008,Donegal,DSO,North
Culliagh Wind Farm (Meenbog),Wind,Onshore,11.88,01-10-2000,Donegal,DSO,North
An Cnoc,Wind,Onshore,11.5,19-09-2017,Tipperary,DSO,South
Ballybane 2A (Glanta Commons) Wind Farm,Wind,Onshore,11.5,30-01-2015,Cork,DSO,South
Raragh 2 Wind Farm,Wind,Onshore,11.5,28-11-2019,Meath,DSO,East
Clogheravaddy Wind Farm (Phase 2),Wind,Onshore,10.8,08-02-2022,Donegal,DSO,North
Dromdeeveen Wind Farm (1),Wind,Onshore,10.5,24-08-2011,Cork,DSO,South
Gartnaneane (1) Wind Farm,Wind,Onshore,10.5,01-11-2004,Meath,DSO,East
Caherdowney Wind Farm,Wind,Onshore,10,16-04-2012,Donegal,DSO,North
Glantaunyalkeen Windfarm,Wind,Onshore,9.999,30-08-2018,Cork,DSO,South
Meenwaun Wind Farm,Wind,Onshore,9.99,21-12-2017,Cork,DSO,South
Corkermore Wind Farm Phase 1,Wind,Onshore,9.99,06-07-2011,Donegal,DSO,North
Drumlough Hill (2) (Lough Doo),Wind,Onshore,9.99,01-04-2011,Tyrone,DSO,NI
Ballycadden Wind Farm (2),Wind,Onshore,9.762,12-10-2012,Wexford,DSO,East
Foyle Wind Farm (prev Holmes Hill),Wind,Onshore,9.6,25-07-2017,Tipperary,DSO,South
Gneeves Wind Farm,Wind,Onshore,9.35,29-06-2005,Kerry,DSO,South
Flughland,Wind,Onshore,9.2,30-06-2009,Donegal,DSO,North
Lisdowney Wind Farm,Wind,Onshore,9.2,14-10-2016,Kilkenny,DSO,East
Clogheravaddy Wind Farm (Phase 1),Wind,Onshore,9.2,03-12-2019,Donegal,DSO,North
Teevurcher Wind Farm,Wind,Onshore,9,18-12-2017,Meath,DSO,East
Hollyford(Holyford) Wind Farm,Wind,Onshore,9,10-12-2013,Tipperary,DSO,South
Tullynamoyle,Wind,Onshore,9,01-07-2011,Monaghan,DSO,North
Knockaneden Wind Farm,Wind,Onshore,9,14-09-2012,Leitrim,DSO,West
Garranereagh Wind Farm,Wind,Onshore,8.75,30-04-2013,Cork,DSO,South
Kealkil Wind Farm,Wind,Onshore,8.5,01-05-2005,Cork,DSO,South
Derrynadivva Wind Farm (prev. sd),Wind,Onshore,8.5,20-09-2009,Mayo,DSO,West
Ballybane 2 (Glanta Commons) Wind Farm,Wind,Onshore,8.4,01-11-2009,Cork,DSO,South
Ballymartin (2) - Smithstown,Wind,Onshore,8.28,29-03-2013,Waterford,DSO,South
Sorrell Island (Glenmore) WF Ext,Wind,Onshore,8,28-10-2020,Clare,DSO,West
Killaveenoge Windfarm - (Derryvacorneen merge with Barrboy),Wind,Onshore,7.8,16-12-2016,Cork,DSO,South
Carrickeeny Wind Farm,Wind,Onshore,7.65,24-03-2014,Sligo,DSO,West
Altagowlan Wind Farm,Wind,Onshore,7.65,01-09-2005,Monaghan,DSO,North
Loughderryduff Wind Farm,Wind,Onshore,7.65,01-10-2008,Donegal,DSO,North
Sonnagh Old Phase 1,Wind,Onshore,7.65,01-05-2004,Galway,DSO,West
Mullananalt Wind Farm,Wind,Onshore,7.5,01-11-2008,Meath,DSO,East
Knockastanna Wind Farm,Wind,Onshore,7.5,01-03-2009,Clare,DSO,West
Tournafulla Wind Farm (1),Wind,Onshore,7.5,01-01-2007,Roscommon,DSO,West
Sorne Hill (2),Wind,Onshore,7.4,20-02-2009,Donegal,DSO,North
Meenaward Wind Farm (Formerly Beam Hill 2),Wind,Onshore,6.9,06-12-2017,Tyrone,DSO,NI
Derrynadivva Extension,Wind,Onshore,6.8,18-12-2019,Mayo,DSO,West
Black Banks (2),Wind,Onshore,6.8,01-09-2005,Monaghan,DSO,North
Tursillagh (2) Wind Farm,Wind,Onshore,6.8,01-09-2004,Kerry,DSO,South
Richfield Wind Farm (2),Wind,Onshore,6.75,01-08-2006,Wexford,DSO,East
Knockawarriga Extension (Knockacummer & Caherlevoy) Wind Farm,Wind,Onshore,6.6,12-02-2020,Roscommon,DSO,West
Bellacorrick Wind Farm,Wind,Onshore,6.45,01-10-1992,Mayo,DSO,West
Faughary Wind Farm,Wind,Onshore,6,16-12-2014,Sligo,DSO,West
Cahermurphy Wind Farm,Wind,Onshore,6,23-01-2020,Clare,DSO,West
Ballymartin (1) (Smithstown),Wind,Onshore,6,08-06-2011,Waterford,DSO,South
Killin Hill Wind Farm,Wind,Onshore,6,23-06-2017,Donegal,DSO,North
Lackan Wind Farm,Wind,Onshore,6,30-06-2008,Mayo,DSO,West
Esk Wind Farm Phase 1,Wind,Onshore,5.95,16-10-2020,Cork,DSO,South
Coomatallin Wind Farm,Wind,Onshore,5.95,01-01-2005,Cork,DSO,South
Milane Hill Wind Farm,Wind,Onshore,5.94,01-09-2000,Cork,DSO,South
Largan Hill,Wind,Onshore,5.94,01-11-2000,Mayo,DSO,West
Esk Wind Farm Phase 1,Wind,Onshore,5.4,16-10-2020,Cork,DSO,South
Mount Eagle Wind Farm,Wind,Onshore,5.1,01-03-2005,Kerry,DSO,South
Knocknalour Wind Farm (1),Wind,Onshore,5,20-06-2013,Wexford,DSO,East
Kilronan,Wind,Onshore,5,01-12-1997,Roscommon,DSO,West
Crockahenny,Wind,Onshore,5,01-04-1998,Tyrone,DSO,NI
Lurganboy Wind Farm,Wind,Onshore,4.99,01-06-2008,Donegal,DSO,North
Carrons (A&B) Wind Farm,Wind,Onshore,4.99,26-11-2010,Limerick,DSO,South
Greenoge Wind Farm,Wind,Onshore,4.99,27-06-2005,Galway,DSO,West
Clydaghroe Wind Farm,Wind,Onshore,4.99,24-04-2012,Donegal,DSO,North
Ballycurreen Wind Farm,Wind,Onshore,4.99,26-03-2014,Waterford,DSO,South
Cronelea Wind Farm,Wind,Onshore,4.99,21-05-2007,Carlow,DSO,East
Mount Cronalaght,Wind,Onshore,4.98,01-07-1997,Mayo,DSO,West
Geevagh Wind Farm,Wind,Onshore,4.95,01-01-2006,Monaghan,DSO,North
Drumlough Hill Wind Farm,Wind,Onshore,4.8,01-08-1997,Tyrone,DSO,NI
Corrie Mt.,Wind,Onshore,4.8,01-03-1997,Roscommon,DSO,West
Kilberehert Wind Farm,Wind,Onshore,4.799,14-04-2017,Cork,DSO,South
Kilmeedy Wind Farm,Wind,Onshore,4.7,22-12-2016,Cork,DSO,South
Kiltumper Wind Farm,Wind,Onshore,4.69,18-12-2019,Clare,DSO,West
Lenanavea (Burren) Wind Farm,Wind,Onshore,4.65,07-02-2011,Mayo,DSO,West
Currabwee Wind Farm,Wind,Onshore,4.62,01-11-1999,Cork,DSO,South
Ballincurry Wind Farm Ltd (Glengoole),Wind,Onshore,4.6,31-05-2019,Tipperary,DSO,South
Seltanaveeny Wind Farm,Wind,Onshore,4.6,25-03-2011,Roscommon,DSO,West
Skrine Wind Farm,Wind,Onshore,4.6,20-03-2011,Longford,DSO,East
Carrownaweelaun Wind Farm,Wind,Onshore,4.6,03-07-2015,Clare,DSO,West
Ballagh Wind Farm,Wind,Onshore,4.6,31-01-2018,Roscommon,DSO,West
Reenascreena Wind Farm,Wind,Onshore,4.5,24-06-2009,Cork,DSO,South
Curraghderrig,Wind,Onshore,4.5,14-12-2017,Roscommon,DSO,West
Cronelea Wind Farm (2),Wind,Onshore,4.5,11-12-2009,Carlow,DSO,East
Kilvinane Wind Farm,Wind,Onshore,4.5,01-08-2006,Cork,DSO,South
Gartnaneane II Wind Farm,Wind,Onshore,4.5,01-11-2004,Meath,DSO,East
WEDcross Wind Farm,Wind,Onshore,4.5,01-11-2009,Kerry,DSO,South
Rathnacally Wind Farm,Wind,Onshore,4.45,09-07-2018,Cork,DSO,South
Boolard Wind Farm,Wind,Onshore,4.45,05-12-2019,Cork,DSO,South
Ballybane 3 (Glanta Commons) Wind Farm,Wind,Onshore,4.45,29-01-2017,Cork,DSO,South
Gortnacloghy Wind Farm,Wind,Onshore,4.4,31-01-2018,Roscommon,DSO,West
Lahanaght Hill Wind Farm,Wind,Onshore,4.25,01-01-2006,Cork,DSO,South
Rahora Wind Farm,Wind,Onshore,4.25,01-05-2009,Waterford,DSO,South
Three Trees,Wind,Onshore,4.25,18-12-2019,Donegal,DSO,North
Skehanagh Wind Farm,Wind,Onshore,4.25,01-04-2006,Cork,DSO,South
Cloonlusk Wind Farm,Wind,Onshore,4.25,26-01-2018,Mayo,DSO,West
Leabeg Wind Farm,Wind,Onshore,4.25,17-09-2015,Cork,DSO,South
Meenkeeragh Wind Farm,Wind,Onshore,4.2,29-04-2009,Donegal,DSO,North
Ballyduff Wind Farm,Wind,Onshore,4,13-01-2017,Wexford,DSO,East
Ballynancoran Wind Farm,Wind,Onshore,4,24-07-2013,Wexford,DSO,East
Cooly Wind Farm,Wind,Onshore,4,15-03-2017,Tyrone,DSO,NI
Moneenatieve Wind Farm (1),Wind,Onshore,3.96,23-09-2005,Monaghan,DSO,North
Beenageeha Wind Farm,Wind,Onshore,3.96,01-10-2000,Kerry,DSO,South
Knocknalour Wind Farm G3,Wind,Onshore,3.95,20-06-2013,Wexford,DSO,East
Templederry Wind Farm,Wind,Onshore,3.9,26-10-2012,Tipperary,DSO,South
Scartaglen 2 Wind Farm,Wind,Onshore,3.8,12-12-2017,Kerry,DSO,South
Roosky Wind Farm,Wind,Onshore,3.6,25-09-2015,Mayo,DSO,West
Clogheravaddy Wind Farm (Phase 3),Wind,Onshore,3.6,27-07-2023,Donegal,DSO,North
Ballaman (Kennystown) Wind Farm,Wind,Onshore,3.6,28-09-2012,Wexford,DSO,East
Carrane Hill Wind Farm,Wind,Onshore,3.4,01-11-2006,Monaghan,DSO,North
Black Banks (1),Wind,Onshore,3.4,01-09-2001,Monaghan,DSO,North
Meenanilta (3),Wind,Onshore,3.4,19-12-2011,Donegal,DSO,North
Meenadreen Wind Farm,Wind,Onshore,3.4,01-04-2003,Donegal,DSO,North
Monaincha Bog Wind Farm (Gate 2),Wind,Onshore,3.4,31-01-2014,Tipperary,DSO,South
Cuillalea Wind Farm,Wind,Onshore,3.4,01-04-2004,Mayo,DSO,West
CORNEEN Wind Farm,Wind,Onshore,3,01-08-2001,Cavan,DSO,North
Slievereagh Wind Farm (1),Wind,Onshore,3,25-09-2009,Tipperary,DSO,South
Mountain Lodge Wind Farm,Wind,Onshore,3,01-04-2008,Dublin,DSO,East
Rossaveel Wind Farm,Wind,Onshore,3,28-06-2019,Galway,DSO,West
Cappawhite A Wind Farm (Gate 2),Wind,Onshore,2.92,11-08-2017,Tipperary,DSO,South
Carrowleagh Wind Farm Ext. (2),Wind,Onshore,2.65,24-05-2019,Donegal,DSO,North
Knock South Wind Farm (Inverin),Wind,Onshore,2.64,01-01-1999,Galway,DSO,West
Tullynamalra Wind Farm,Wind,Onshore,2.638,15-04-2019,Meath,DSO,East
Killybegs Wind Farm,Wind,Onshore,2.55,19-12-2007,Donegal,DSO,North
Meenanilta Wind Farm (1),Wind,Onshore,2.55,01-09-2003,Donegal,DSO,North
Carrig Wind Farm,Wind,Onshore,2.55,01-04-2006,Cork,DSO,South
Curraghgraigue Wind Farm,Wind,Onshore,2.55,01-01-2004,Tipperary,DSO,South
Cronelea Upper Wind Farm,Wind,Onshore,2.55,01-07-2005,Carlow,DSO,East
Ballinlough Wind Farm,Wind,Onshore,2.55,01-01-2006,Tipperary,DSO,South
Mace Upper Wind Farm,Wind,Onshore,2.55,20-02-2010,Tipperary,DSO,South
Bunnahowen Wind Farm (Temp),Wind,Onshore,2.55,18-12-2019,Mayo,DSO,West
Beale Hill (2),Wind,Onshore,2.55,01-08-2003,Roscommon,DSO,West
Ballinveny Wind Farm,Wind,Onshore,2.55,01-01-2006,Tipperary,DSO,South
Shannagh (Kilcar),Wind,Onshore,2.55,30-03-2010,Donegal,DSO,North
DePuy 3MW Wind Turbine,Wind,Onshore,2.5,21-07-2014,Cork,DSO,South
Kilbranish Wind Farm,Wind,Onshore,2.5,11-10-2018,Galway,DSO,West
Grady Joinery Wind Farm,Wind,Onshore,2.5,05-08-2017,Mayo,DSO,West
Meenanilta Wind Farm (2),Wind,Onshore,2.45,01-07-2004,Donegal,DSO,North
CURRAGHGRAIGUE (2) Wind Farm,Wind,Onshore,2.44,24-08-2011,Tipperary,DSO,South
Enros - Sorne Hill Single Turbine,Wind,Onshore,2.3,18-12-2019,Donegal,DSO,North
Collon Wind Power Limited (Gate 3),Wind,Onshore,2.3,11-04-2016,Wexford,DSO,East
Gurteen Lower Wind Farm,Wind,Onshore,2.3,22-08-2017,Tipperary,DSO,South
Corvin Wind Turbine,Wind,Onshore,2.1,20-12-2018,Donegal,DSO,North
Wind Energy Project (Janssen),Wind,Onshore,2,21-07-2014,Cork,DSO,South
Anarget Wind Farm (1),Wind,Onshore,1.98,01-09-2000,Donegal,DSO,North
Dunmore 2,Wind,Onshore,1.8,01-05-2009,Wexford,DSO,East
Knocknagoum (2),Wind,Onshore,1.8,13-09-2013,Kerry,DSO,South
Dunmore Wind Farm,Wind,Onshore,1.7,01-07-2006,Wexford,DSO,East
Cronelea Upper Wind Farm (2),Wind,Onshore,1.7,11-12-2009,Carlow,DSO,East
Beallough Wind Farm,Wind,Onshore,1.7,01-11-2008,Waterford,DSO,South
Mount Eagle Wind Farm (2),Wind,Onshore,1.7,01-11-2008,Kerry,DSO,South
Crocane Wind Farm,Wind,Onshore,1.7,27-01-2011,Cork,DSO,South
Beale Hill (1),Wind,Onshore,1.65,01-11-2000,Roscommon,DSO,West
Slievereagh Wind Farm (2),Wind,Onshore,1.6,01-12-2014,Tipperary,DSO,South
Liffey Autoproduction Project,Wind,Onshore,1.6,15-12-2017,Dublin,DSO,East
Tullynamoyle Wind Farm 3 (Carrane Hill Merged Capacity),Wind,Onshore,1.598,18-09-2017,Monaghan,DSO,North
Cuillalea Wind Farm (2),Wind,Onshore,1.59,31-08-2010,Mayo,DSO,West
Ballybane 2A (Glanta Commons) Wind Farm Extension,Wind,Onshore,1.55,29-01-2017,Cork,DSO,South
Liffey Autoproduction Project (extension),Wind,Onshore,1.417,15-12-2017,Dublin,DSO,East
Glackmore Hill (2),Wind,Onshore,1.4,28-04-2009,Donegal,DSO,North
Beale Hill (3) Wind Farm,Wind,Onshore,1.3,14-11-2016,Roscommon,DSO,West
Garracummer (2),Wind,Onshore,1,11-02-2015,Tipperary,DSO,South
Pluckanes Wind Farm,Wind,Onshore,0.85,27-09-2013,Waterford,DSO,South
Collon Wind Power Limited (Gate 2),Wind,Onshore,0.7,11-04-2016,Wexford,DSO,East
Knock South Wind Farm (2),Wind,Onshore,0.69,01-01-1999,Galway,DSO,West
Burtonport Harbour Single Turbine,Wind,Onshore,0.66,01-07-2003,Mayo,DSO,West
Mounvaun (Mienvee) Wind Farm,Wind,Onshore,0.66,01-01-2004,Clare,DSO,West
Ballyduff Wind Farm,Wind,Onshore,0.6,13-01-2017,Wexford,DSO,East
Glackmore Hill (1),Wind,Onshore,0.6,28-04-2009,Donegal,DSO,North
Muine Bheag Wind,Wind,Onshore,0.5,22-04-2022,Carlow,DSO,East
Country Crest,Wind,Onshore,0.5,07-03-2011,Dublin,DSO,East
Dundalk IT Wind Turbine,Wind,Onshore,0.5,01-01-2006,Louth,DSO,East
Anarget Wind Farm (3),Wind,Onshore,0.5,04-11-2011,Donegal,DSO,North
Mossedge Wind Farm,Wind,Onshore,0.5,17-01-2019,Donegal,DSO,North
Michael Aylward,Wind,Onshore,0.5,26-09-2016,Waterford,DSO,South
Ballynultagh Wind Farm,Wind,Onshore,0.499,20-03-2020,Carlow,DSO,East
Ballon Wind,Wind,Onshore,0.499,07-09-2017,Carlow,DSO,East
Gortnahalla,Wind,Onshore,0.499,07-06-2019,Tipperary,DSO,South
Moyvane Wind,Wind,Onshore,0.499,10-12-2019,Roscommon,DSO,West
Tesco Donabate,Wind,Onshore,0.499,01-09-2016,Dublin,DSO,East
Kilpatrick Wind,Wind,Onshore,0.499,30-01-2020,Cork,DSO,South
Patrick Costello Wind Turbine,Wind,Onshore,0.495,21-12-2018,Tipperary,DSO,South
KWT Energy Ltd,Wind,Onshore,0.49,20-12-2016,Waterford,DSO,South
Meenkeeragh Wind Farm (2),Wind,Onshore,0.4,25-04-2013,Donegal,DSO,North
Glackmore Hill (3),Wind,Onshore,0.3,28-04-2009,Donegal,DSO,North
Meade Potato Company,Wind,Onshore,0.3,03-06-2014,Wexford,DSO,East
Moneenatieve Wind Farm (2),Wind,Onshore,0.29,15-10-2011,Monaghan,DSO,North
Donaghmede Fr Collins Park Wind Farm,Wind,Onshore,0.25,01-05-2009,Sligo,DSO,West
Mounvaun (Mienvee) Wind Farm (2),Wind,Onshore,0.19,01-01-2008,Clare,DSO,West
Burtonstown Autoproducer,Wind,Onshore,0.15,01-10-2014,Wexford,DSO,East
Burtonstown,Wind,Onshore,0.15,01-10-2014,Wexford,DSO,East
Tierney Farms,Wind,Onshore,0.15,18-04-2017,Waterford,DSO,South
Tullow Mushroom Growers Ltd,Wind,Onshore,0.133,01-11-2010,Carlow,DSO,East
Patrick Costello Wind Turbine Ext,Wind,Onshore,0.13,15-03-2022,Tipperary,DSO,South
"St Patricks Missionary Society, Co. Wicklow",Wind,Onshore,0.13,26-06-2012,Wicklow,DSO,East
IS Sustainable Supply Chain,Wind,Onshore,0.12,01-09-2023,Donegal,DSO,North
James Nally,Wind,Onshore,0.11,14-11-2013,Westmeath,DSO,East
Leo Barry,Wind,Onshore,0.05,19-08-2015,Wexford,DSO,East
Allen Removals,Wind,Onshore,0.02,05-09-2014,Tyrone,DSO,NI
Anarget Wind Farm (2),Wind,Onshore,0.02,01-12-2004,Donegal,DSO,North
Owenstown,Wind,Onshore,0.018,01-12-2010,Kildare,DSO,East
Carrickallen Wind Farm,Wind,Onshore,22,11-10-2018,Dublin,DSO,East
Sheskin Windfarm Phase1,Wind,Onshore,16.8,07-12-2023,Mayo,DSO,West
Shalvey Poultry WT,Wind,Onshore,0.017,01-02-2013,Dublin,DSO,East
Lios na Carraige,Wind,Onshore,0.017,01-10-2008,Meath,DSO,East
M8 Junction 10 WT,Wind,Onshore,0.01,18-07-2012,Tipperary,DSO,South
